label,f0,f1,f2,f3,f4,f5,f6,f7,f8,f9,f10,f11,f12,f13,f14,f15,f16,f17,f18,f19,f20,f21,f22,f23,f24,f25,f26,f27,f28,f29,f30,f31,f32,f33,f34,f35,f36,f37,f38,f39,f40,f41,f42,f43,f44,f45,f46,f47,f48,f49,f50,f51,f52,f53,f54,f55,f56,f57,f58,f59,f60,f61,f62
CLOSED_FIST,0.0,0.0,0.0,-0.16028707277793758,0.2854543526874655,-0.14576363546879686,-0.44030301566684144,0.5120139100832777,-0.25546598927395126,-0.6891169957520512,0.458242419010814,-0.3617104239304646,-0.731229788722014,0.20093418209350197,-0.4358231259898687,-0.6986436009624567,0.2935753265960372,-0.13150682675991437,-0.8971313137544269,0.31094030028134945,-0.3138017456009449,-0.6430811122771221,0.3396767832816158,-0.3756366321988405,-0.5558835859298323,0.28844061607571003,-0.4019094062369517,-0.6729885380270486,0.06812285749694127,-0.13519295005665774,-0.8546158887710201,0.08483553659116982,-0.32068977127353543,-0.5363156857015245,0.13003553090191,-0.31051985588732584,-0.48016579854938685,0.08481907818404891,-0.2726631757486937,-0.6211904933020905,-0.15722143403383135,-0.17087363085634977,-0.8023013313137259,-0.16450110208726293,-0.37211698100260426,-0.49036006300309337,-0.06191532966687747,-0.2842959622766925,-0.4094994921494608,-0.07087901568689392,-0.18499149362979922,-0.5318711345253726,-0.3828684352550686,-0.21924895190295776,-0.702954297371834,-0.37460287736495357,-0.33426605609810783,-0.4920324142507065,-0.26491884395443455,-0.27092723046597095,-0.41110496809725344,-0.2482353316576355,-0.202645010275396
CLOSED_FIST,0.0,0.0,0.0,-0.32643221072703194,-0.05801053143329971,-0.11415789511485835,-0.62996713154225,0.005694532043813322,-0.2069754339606251,-0.7475209341041693,0.16622087971854937,-0.3037862259298717,-0.6747956769103645,0.36434437907540457,-0.3874973458636956,-0.612486204714794,0.5592435167262059,-0.17377020104670157,-0.6629740582171725,0.614564540285687,-0.34817272372388974,-0.7228463356498808,0.5233670904978172,-0.4511984747551675,-0.7460571433381801,0.39633143617064426,-0.5076981877560052,-0.3910730810493358,0.6816148759101439,-0.19579854084235404,-0.4228697791440322,0.26023524301052264,-0.3503769660352996,-0.3917263471732477,0.1196213960894745,-0.36486851335471493,-0.3537961921476584,0.13062849310120772,-0.36131092971709966,-0.1399809407164857,0.6550875247950552,-0.23891610354023043,-0.19012829642655363,0.21109589066947365,-0.38677925275731523,-0.20026866042990737,0.1268972568385889,-0.32987749380306614,-0.18687757924207807,0.18065768633456045,-0.2738924308494652,0.1204140589618158,0.5603749286861283,-0.29841773363748114,0.04837067170499664,0.20831420107491952,-0.4214082592031078,0.01173430836420265,0.13806348598069762,-0.39886036674160225,0.01162389015128905,0.1800926048920026,-0.35612155475199203
CLOSED_FIST,0.0,0.0,0.0,-0.3070411656854778,0.149862122107461,-0.10860618925240402,-0.46885138054032105,0.44318898310488525,-0.15062445957503665,-0.4072124808021681,0.754141279969177,-0.1889117736308448,-0.21396736175736145,0.8432501208800429,-0.20010972253625825,-0.3791035299533599,0.6889180717539425,-0.012167900329377137,-0.2694053613475956,0.9512296279555168,-0.1502762329072048,-0.242491829072047,0.729494212564647,-0.23000559833475095,-0.2837133238011831,0.5965371093403579,-0.2667481993066982,-0.19486214706915758,0.6558021317877417,-0.012823831583770347,-0.06566058405074546,0.8784954649570892,-0.13966686951417043,-0.09658813729665869,0.6190996220303593,-0.1605880764603861,-0.17211615386565232,0.5300077409752435,-0.15028994212393612,-0.029164356390708683,0.5944560722255404,-0.04160335432170695,0.08464230586337639,0.7707262600929164,-0.1835649435520746,0.03425407191559338,0.5356397949984479,-0.1556720110140982,-0.04192074330028451,0.4468333420341783,-0.10132740390193073,0.12520198933257531,0.5166549324717893,-0.08092634630942849,0.19508802722203666,0.6630203720235441,-0.1596065248088492,0.15446590635796514,0.5072376899022853,-0.12773982740255943,0.10826512360916167,0.41773990296621727,-0.08237847114375
CLOSED_FIST,0.0,0.0,0.0,-0.3524864812027492,0.031107688365004205,-0.08537112789501193,-0.6328202236864208,0.28925004154611916,-0.11786119819292624,-0.6646291772043368,0.6347056788451544,-0.15320890252068195,-0.4572074506403172,0.8140300779670351,-0.16836372304640002,-0.5351090433414085,0.5859610557967133,-0.004862851872007096,-0.5822846058858018,0.8043724714446542,-0.11802357785813515,-0.5105341349182788,0.5532599444120311,-0.18462023179524437,-0.47256073343435445,0.4153915143151668,-0.22332180533576615,-0.3691091591976126,0.635779028946314,-0.024444179581165775,-0.4165228764639889,0.8601001675110697,-0.16137653130026106,-0.3606706962119643,0.5422466879337469,-0.1969057777157677,-0.3268106160680591,0.4240202975273571,-0.19275918850192447,-0.2005332729768545,0.6648457364326998,-0.06503654950753429,-0.24985706235640015,0.8838639886318475,-0.2307808061394982,-0.20900214139976456,0.5634131977275988,-0.2037506586574845,-0.17710970014878158,0.4339122421896379,-0.14322353110949287,-0.009002172159316467,0.6824901770609001,-0.11074702558039877,-0.08182313079143674,0.8394775206640539,-0.22325970636478967,-0.07631612089408635,0.618566243751708,-0.19008241275554416,-0.050431997597063856,0.5037484428037001,-0.14005344622645155
CLOSED_FIST,0.0,0.0,0.0,-0.2873477153861435,0.1331520868861203,-0.08491325046628137,-0.45238022165128733,0.43667364764030747,-0.12420018940152387,-0.39860540292010993,0.7547241685862199,-0.16833084994191277,-0.2791983374360835,0.9400045922626986,-0.19606033484099866,-0.4066925796348478,0.5946228340002118,0.010496620844533497,-0.39953138117009757,0.8491803371429646,-0.12441366592823465,-0.3616875544424507,0.7169207690325222,-0.20674473974135507,-0.3392514164433374,0.616642651945874,-0.2444486862697318,-0.21977104495268873,0.6159139466919253,-0.008494700175080513,-0.18313908990085656,0.874068379613083,-0.14246793738149882,-0.18134389112086008,0.6118800840819697,-0.18380298989211036,-0.19148929727697986,0.47095922983858884,-0.18378792949966072,-0.04225960637408438,0.5849288767165581,-0.05278717431234292,-0.01857240338868505,0.8512941630210522,-0.20130031714555635,-0.038700563462468515,0.5962143727261664,-0.17699179131887946,-0.04739813969769519,0.4614677713257038,-0.12281568570912382,0.14512201422488544,0.526976922051591,-0.10425470463013402,0.13658788861036517,0.738078334147815,-0.20551815242906246,0.10737972720344115,0.5735291394649464,-0.18037607924292612,0.09821516993196892,0.4554740980317721,-0.13710987615662065
CLOSED_FIST,0.0,0.0,0.0,-0.03001415721155933,-0.3617415487534587,-0.13946359282907114,-0.30540585438942924,-0.6787464463843255,-0.17244897148290284,-0.661581303863507,-0.6729353212550584,-0.1918043155494818,-0.7554324306427567,-0.41572974956696246,-0.17923361211187447,-0.5686091507182429,-0.5712844984154462,-0.05203394673476433,-0.7809721931989719,-0.5919267313270891,-0.19926158232438043,-0.5950764078127525,-0.49151317582444015,-0.26020492301712306,-0.5128614932372819,-0.4469257036843764,-0.2854264695712949,-0.5992665636773984,-0.3386993077675081,-0.05146991480654141,-0.7665025237018361,-0.2948881700963853,-0.1962410066634997,-0.46558125241428117,-0.25731374531792245,-0.2020614397562634,-0.4321403181280958,-0.30860037261815454,-0.17481728216800557,-0.5877512921074313,-0.12899554416862152,-0.08310003746619683,-0.7107113766481862,-0.07770816216864647,-0.26255502657092655,-0.4186831412278071,-0.0783788386735708,-0.2184145410765514,-0.38887470258785384,-0.1300209295527444,-0.1467562249996219,-0.5531042218486804,0.08272364509388144,-0.12666221855960558,-0.6313245735762263,0.09413646617373972,-0.22597817334647566,-0.4365115390394106,0.08701549674889328,-0.17925851720339267,-0.40099819925901414,0.07050732035433512,-0.12284842988449052
CLOSED_FIST,0.0,0.0,0.0,-0.30133608490156716,0.13142339809921708,-0.06610597602957671,-0.5189792503131351,0.36988204906075245,-0.09466383204003181,-0.599870158430612,0.6212765353722449,-0.13281927076791095,-0.5367081154646317,0.8238499201155534,-0.15018840241169354,-0.4302986802881331,0.6420762052418407,0.01419528201663422,-0.3996026413089057,0.9075104760373847,-0.1293926773095979,-0.3836248502133794,0.6967022472723843,-0.21236317349669212,-0.4044447290078946,0.5642572001535998,-0.2485273741333267,-0.2652081651428223,0.6537281148727329,-0.010931681105036397,-0.22664009092080056,0.9153392378213842,-0.153316163714835,-0.24982931972063227,0.6489343528637687,-0.18792770935497752,-0.2825632384040523,0.5369962390862183,-0.1859379539837678,-0.09861530680368341,0.6345927524792904,-0.06060321757135638,-0.07158294089426712,0.8607638645446241,-0.21442942623858863,-0.1092929412353808,0.600992632412549,-0.18757017246953728,-0.14049954845179327,0.4820368962359893,-0.13434024864069555,0.07125110448943092,0.5909181904572507,-0.11706776837696234,0.07501069673186676,0.7527787922110932,-0.2200335771199327,0.030667775772637185,0.5792987908360115,-0.19831485879614394,0.011380260676359378,0.4682457693933376,-0.15775201358205385
CLOSED_FIST,0.0,0.0,0.0,-0.16367092404949365,-0.21142084621317908,-0.22650307188098984,-0.44340960693522147,-0.22072677904061577,-0.328271901702848,-0.658073148585279,-0.03146541737364044,-0.40378775617523954,-0.7840171298593834,0.20702396785691052,-0.44922034785088777,-0.8320606913036306,-0.08975118462892602,-0.14425174103100247,-0.923545156387,-0.09600023474954082,-0.37127927365009883,-0.7581406384337882,-0.1571530598308752,-0.4798065086639989,-0.7120031620291399,-0.16746466331133755,-0.5308889294817714,-0.752764231094006,0.16278386260202368,-0.12279033936453737,-0.8685324578033137,0.28192279743200716,-0.3723723966507726,-0.6223543499333388,0.12575785509477305,-0.4147049123095419,-0.5939354087505995,0.057776349494003544,-0.3850560902075665,-0.6087122225292203,0.35768775004302217,-0.14194013099222896,-0.6693182040058705,0.500939209160162,-0.4319940220250785,-0.4327471910264876,0.26603054306435225,-0.39079355976690366,-0.42376454978100164,0.16775441582089276,-0.29111057814369884,-0.41947537259552836,0.50771911697245,-0.1752656817417937,-0.4101325781333841,0.5469663514201074,-0.3982408010850798,-0.2845329522324919,0.34066695290664967,-0.38531709941862946,-0.3127818785286208,0.24199537805819793,-0.323528661898009
CLOSED_FIST,0.0,0.0,0.0,-0.12654971389312575,-0.05975693860252337,-0.21729556061621855,-0.4259925206586231,-0.13305445619254602,-0.2864356203142338,-0.7267213902899526,-0.06351938725589841,-0.32323343177567576,-0.8370429213532309,0.11061294771511167,-0.33548689869247567,-0.4958884504942445,-0.5089532150745197,-0.13078237327714665,-0.8324715357473315,-0.498014008404355,-0.24284396143101095,-0.7844588062492456,-0.2979364108775768,-0.28525588780415045,-0.662714909674509,-0.2520204517310606,-0.29574196912234185,-0.5371576124350395,-0.49802417257650494,-0.06117279030265329,-0.874640456436958,-0.355621956771253,-0.17150916187696164,-0.7622605821503671,-0.1413417975611476,-0.18578464329855138,-0.6253824299703298,-0.15467148637036235,-0.15897226210161366,-0.5673194982010231,-0.44061581349365225,-0.022334802026388385,-0.8475051988360002,-0.23236956589886168,-0.1622987169512358,-0.7170795910132456,-0.06562264956258328,-0.1844144309236135,-0.5829005183537904,-0.1067585624852581,-0.15148651325146678,-0.5779263692295379,-0.3575657399381406,0.0012473373806225043,-0.8100285190379007,-0.21805309991215135,-0.09871809875504722,-0.7279850919770552,-0.10688866388877692,-0.10222286105368301,-0.6193613711146367,-0.0932609353220052,-0.06512784182135607
CLOSED_FIST,0.0,0.0,0.0,-0.11864544379567168,-0.4057410303271438,-0.05983753550209278,-0.40035701302738247,-0.6697581463744274,-0.061555041054173976,-0.7457152424394481,-0.6622124120244897,-0.07337232825924729,-0.8162813706934176,-0.42448630718476427,-0.06740948282304136,-0.5602478712073317,-0.5113859929178146,0.05190169300833034,-0.8085069537181404,-0.5534483984892494,-0.05647448289726208,-0.6098565153108703,-0.5203282398418326,-0.12297176203500158,-0.5076093803896119,-0.5158225078754218,-0.16479879556414317,-0.5715790772863909,-0.28188471979275515,0.016150673554365506,-0.7992920882943084,-0.27462831398013654,-0.10592626332437205,-0.5150596802581088,-0.2864666552922711,-0.14379914918007203,-0.4539885266342531,-0.33179385646729087,-0.14892195510152742,-0.5362859655290959,-0.05812557735743728,-0.04269579651888195,-0.7131607761823983,-0.061545661068181844,-0.20073477559623068,-0.44914960228207235,-0.09682674447951403,-0.18140497154303808,-0.38418616233590525,-0.1316534877331641,-0.13390700504861097,-0.4800453092126448,0.18305586793164805,-0.10565702104442035,-0.6164946497357998,0.1565371824630827,-0.20298542677920636,-0.4644294910600227,0.09244136799875433,-0.17329235637334178,-0.3967529028260105,0.051932203629033946,-0.13435959857521762
CLOSED_FIST,0.0,0.0,0.0,-0.009795563976075169,-0.21645682538886976,-0.1368464710514597,-0.13655924271812975,-0.49069313458140096,-0.18561919206761252,-0.3252633204791063,-0.6465451640705079,-0.2272289290351163,-0.5050620651781107,-0.6944836109737501,-0.22960100958446986,-0.25796670164641977,-0.7359267327501426,-0.017384225936482613,-0.4586473891537347,-0.8704746401289518,-0.17865182147079983,-0.34906608564117436,-0.7010458902746497,-0.24077374132886928,-0.27609185554826154,-0.6668630600405936,-0.25575199199525556,-0.37016472376524234,-0.5882840210104946,-0.013802753524852883,-0.5386380857674227,-0.6696978432853037,-0.173265918734965,-0.36065306602697894,-0.488778707349983,-0.18157077526963605,-0.33076394678159704,-0.5310656171792288,-0.1426871600858471,-0.44707233328635915,-0.417072298903054,-0.04747736178192992,-0.5443757760606908,-0.4327229725930999,-0.2194617028217676,-0.3667166551205647,-0.297642370160165,-0.17052444912609518,-0.3540906440882991,-0.3581703128239286,-0.09236045037708179,-0.4963270986808705,-0.23992730157806494,-0.09524333108129254,-0.5320343559275821,-0.22665303036211418,-0.1842249362932142,-0.3929374729885613,-0.15545110321637717,-0.13677713482647966,-0.37206619948621356,-0.1856951052590238,-0.07462341387530322
CLOSED_FIST,0.0,0.0,0.0,-0.18396240372054476,-0.22339072856415082,-0.11985244734008457,-0.4394819112546024,-0.3560863456623553,-0.1893373176104809,-0.6669401919441347,-0.26360253237884274,-0.2554941332166778,-0.780409356710852,-0.08184149203490688,-0.2911717173039836,-0.6866971317277264,-0.3602072415492354,-0.09237027274633072,-0.9073434261153609,-0.3265468463843349,-0.2647547246069161,-0.6872188891059966,-0.2969599638779856,-0.3348386435127202,-0.6039238096739541,-0.3175153742766961,-0.3619902267674007,-0.6621614097345729,-0.13156383828482773,-0.1083025596571326,-0.8742652967715141,-0.08324083255945751,-0.29632143734039995,-0.5999340455168077,-0.1080826490034678,-0.3171541630500166,-0.5520583808161948,-0.15153036004785156,-0.2907615844559826,-0.5980578623386799,0.07987614168885637,-0.14934105630839078,-0.7619047911743637,0.15719714128488924,-0.35302946825782083,-0.4998810173892206,0.07745845310337082,-0.2975381688032966,-0.4538949019108131,0.0050436947948823314,-0.21188997322844047,-0.5163119796641115,0.2879160890447613,-0.1973650419530803,-0.5980227614211249,0.3374971285133759,-0.3137276391737054,-0.43551665151159813,0.2383590121236371,-0.25801721486593693,-0.3943382177975146,0.15591568686080629,-0.1886373914667311
CLOSED_FIST,0.0,0.0,0.0,-0.08688757304104466,0.3720984486098794,-0.0792889280868316,0.006770552502707732,0.7265473280416899,-0.11954976591105078,0.31131599035615226,0.8283812996056951,-0.16638220716360577,0.5203337479862222,0.7042217099369311,-0.19209649930600103,0.2274025614262587,0.7788757079120632,-0.019331703556706575,0.4320709981696835,0.8839903965768147,-0.17853747870018605,0.3063844124565227,0.7032270852250958,-0.26679098113246685,0.19933051449335437,0.6434255833156578,-0.3113508825300338,0.35430323795614893,0.581083772825433,-0.056154733374817446,0.5640356118193962,0.6240965038225497,-0.21696221362990403,0.33892856391674137,0.4528114717511624,-0.2551695867655507,0.2350309005205089,0.46182935099019246,-0.2514909039464469,0.434410991804624,0.3815350277858327,-0.1177442093082868,0.6089853898872953,0.40782246469618155,-0.2970004866100194,0.370729526850042,0.2732134466495674,-0.2644866449478904,0.2593578147457587,0.2882021630562302,-0.20142139556351557,0.48636129072863504,0.18428195071466735,-0.18470930650980083,0.5884820663438635,0.22416964500071626,-0.2786005665259935,0.42081366888071353,0.13888351041262512,-0.22569863646998523,0.3389264016891069,0.12222586316184858,-0.16456655373001317
CLOSED_FIST,0.0,0.0,0.0,-0.3384175454319321,0.001020127913189393,-0.07397617357576589,-0.652465529302475,-0.19392092689027676,-0.10886242724774783,-0.7417706915490422,-0.5001905904888095,-0.15989096289452406,-0.6276020306546226,-0.7448925503662056,-0.20127979975669888,-0.5777569074811172,-0.5073404452534306,0.0807684248258725,-0.688958637780833,-0.7229340248077226,-0.051984528491524094,-0.673300411738634,-0.6498997718318543,-0.12304034100246049,-0.6163917194475358,-0.6277079580024522,-0.15091684209408873,-0.4094969322912204,-0.6185583024232779,0.06146059847919429,-0.5116254373492656,-0.8271400015462962,-0.10373728724448572,-0.4444909999480825,-0.5607985386823773,-0.1371054614288443,-0.3464531375253134,-0.4385364632841477,-0.09800931932224863,-0.22488258783178203,-0.6895516103902832,0.012402414017941081,-0.33567997476798744,-0.8840686801294376,-0.1835814212654937,-0.28158397403161733,-0.576200457758683,-0.15546758295585125,-0.19084055685866527,-0.4247089126748665,-0.06480200463710492,-0.022310215380196615,-0.7329132493431907,-0.040283945787312134,-0.15648908295011948,-0.9026124443149502,-0.17315440041088312,-0.14283238067868428,-0.6659795018814216,-0.13850075444211718,-0.06905319035558828,-0.5179725323562302,-0.06482302901026513
CLOSED_FIST,0.0,0.0,0.0,-0.17025562125009988,0.3481723950628215,-0.12746008605473363,-0.44859612380795033,0.5990599326853,-0.20104003499085207,-0.727707814805948,0.5476196752973583,-0.2772546269711514,-0.8017747141571308,0.2892741274330773,-0.319581667262774,-0.694188257043676,0.3225165947704434,-0.028410386037422613,-0.9066406764122489,0.3689638503746085,-0.204617596974169,-0.6518379198747848,0.3914061326205029,-0.2947466586809442,-0.5809786538917445,0.3364966558203478,-0.3453618250499605,-0.6858431920009628,0.09445462273568019,-0.03505051667833539,-0.8752547041734811,0.139997626305426,-0.2182154629446855,-0.549469882657455,0.1731702298816638,-0.23840822612961884,-0.5036283458622723,0.12020382550255138,-0.21944237807280817,-0.6490557299412364,-0.13033605929628167,-0.07734286020782073,-0.8813752533205139,-0.1202619199069973,-0.2742798011516303,-0.5608696600434718,-0.035583816938194866,-0.19234000830025225,-0.47082370934176193,-0.06356613421750061,-0.09327891175690717,-0.5645898515821999,-0.3676559470249317,-0.1333529868231977,-0.7442612268849819,-0.3442242326973962,-0.24536267987775032,-0.5290947616206381,-0.23554115637032308,-0.1797516871133786,-0.44290072251806056,-0.2268962145683052,-0.10575692881323014
CLOSED_FIST,0.0,0.0,0.0,-0.3704142863685719,-0.09252911960930808,-0.09138285751976157,-0.7151759800062218,0.0861979041244439,-0.11580377937811913,-0.7589646673131205,0.4374134348191644,-0.139826231072233,-0.5964440244487853,0.6668104269781462,-0.14355893028916802,-0.6832376332277781,0.4432602018623504,0.00750008134845543,-0.7754039492570464,0.6142642863438512,-0.12115738527740198,-0.6483353250432385,0.3999191143711592,-0.20161835790161367,-0.5885941128227071,0.2866678369776859,-0.24717988587908712,-0.5039311537516522,0.5716390389070606,-0.00834642884737121,-0.6025138366689315,0.7858112443173646,-0.1395627633965421,-0.4814272983078987,0.4852823749193981,-0.16866404344983102,-0.44047195956660673,0.36710377029461144,-0.16199851547615207,-0.3004775476972169,0.6630754857664986,-0.0500596707103263,-0.3973739842149527,0.8536752255798972,-0.20410322057618724,-0.3040979473968109,0.5518867547168196,-0.1650354416012634,-0.26841125183437825,0.4325378732479497,-0.10224299666559777,-0.068419463200058,0.7309829750452376,-0.09802677022263388,-0.173228054444608,0.839331786930944,-0.1920650852430863,-0.13689433252687683,0.6262930985306222,-0.14811598432439393,-0.1080881189559471,0.5263784487743374,-0.09684612692775046
CLOSED_FIST,0.0,0.0,0.0,-0.19317107550627446,0.2733314171683976,-0.1766500721660008,-0.5157041978748174,0.44475550466045316,-0.29599594500109255,-0.7723425782690373,0.3879690911831292,-0.4023006264668838,-0.8120822470326453,0.17413146579637032,-0.4625043938561089,-0.7557858470380073,-0.028252770724509758,-0.16529556735772563,-0.9375925133319432,0.03326087955396609,-0.34614157917705674,-0.6832828168617049,0.15233363226584282,-0.4107036915837804,-0.6151138142820578,0.11384729966167778,-0.4464454716445904,-0.7221188432856996,-0.20839430453498578,-0.15311476473378727,-0.8746003580486323,-0.09193846699486095,-0.338513617305627,-0.5536874856511554,0.03615953938874167,-0.33492240546982616,-0.5217567922875748,-0.05483462048858873,-0.3090342421319075,-0.6543332764016935,-0.3741411468948598,-0.17295574399420785,-0.8124857533268292,-0.2845019560339416,-0.3481841843522425,-0.5308213145216671,-0.1227210639461409,-0.2634313116017966,-0.49384737423726816,-0.18611733636793895,-0.18110664676506355,-0.5504494872618854,-0.5241373107138804,-0.21201403048119705,-0.6711608152739325,-0.43259504896938544,-0.3124612241135445,-0.4949762726857453,-0.30411104716163206,-0.26485996007633805,-0.449995152568752,-0.3491775691298165,-0.2118219054038409
CLOSED_FIST,0.0,0.0,0.0,-0.08625688999980836,0.28801340333058933,-0.14966042787806036,-0.31732768973135533,0.5812278204078506,-0.24601270133738445,-0.5659042274451308,0.5888687938279398,-0.3294600153386144,-0.6476422056945794,0.3540013211423251,-0.3789158759230607,-0.6486385821887828,0.41473836166201017,-0.14147755175740978,-0.8052817515986584,0.49759759887245136,-0.3223630409004227,-0.5448342521833687,0.47078051460078396,-0.3929860323989496,-0.5131736959096953,0.4046464720047211,-0.4326197528084215,-0.6459744601645041,0.18655316306549333,-0.14044749500974157,-0.8010837385952115,0.2595739650073752,-0.3206757300778782,-0.4766973385476508,0.25733647816059646,-0.3080663462881582,-0.4603572447899021,0.21580025666183647,-0.27044522366374035,-0.6104502617356826,-0.027608807806642856,-0.17060170544100176,-0.7598335057715158,0.02069460115053139,-0.3623902193414505,-0.4390801569321445,0.0658496191443962,-0.2629849496948133,-0.39079558655657637,0.03636494699664125,-0.15868276684731125,-0.5405305586501703,-0.25256165238473954,-0.21406028680090602,-0.650722956646781,-0.18610366444622217,-0.32423658535685634,-0.42401633515258014,-0.11670853480222723,-0.25672741015480405,-0.3700256310796207,-0.11828382035017666,-0.18647059708004735
CLOSED_FIST,0.0,0.0,0.0,-0.19614420642819108,0.2898846435859891,-0.13457931333532247,-0.5141999244436012,0.4708072241552682,-0.21864641303964946,-0.7643966037606637,0.3338313627380148,-0.3029873140842021,-0.7841074103231357,0.0598007367575303,-0.3547253212042154,-0.7676712168845068,0.2131490009651524,-0.058098336185891095,-0.9493370937231019,0.20093576965187063,-0.24162760387791923,-0.7001092050491928,0.2530592515162957,-0.31478052401355294,-0.6020706144616147,0.21910406743415606,-0.345727180984293,-0.7264740973829876,-0.004928477150369314,-0.06698091219629396,-0.915377137273262,-0.02342967409290198,-0.2650809277040914,-0.5970176845668841,0.06003638566930773,-0.2720665074385052,-0.5256426304785216,0.028843766169926937,-0.23380831801942342,-0.6518002236612801,-0.21703678379901772,-0.11164764906851989,-0.8157147750888233,-0.23916391966759462,-0.33090980118274715,-0.5128025221546564,-0.10126794575773052,-0.25736011169914436,-0.44066240449763405,-0.10161107899537941,-0.15569423001467358,-0.5318696688801324,-0.42544592219057675,-0.16787719656278954,-0.68400665313912,-0.42934515870692275,-0.2873548669057592,-0.48607535408610386,-0.30671073946572947,-0.22654530464270106,-0.41877356885622363,-0.29680017556782456,-0.15514059559171225
CLOSED_FIST,0.0,0.0,0.0,-0.28393296940877977,-0.020708805207407144,-0.13133773853733124,-0.538701487266383,-0.233699641548932,-0.19430948061460193,-0.5478688227816392,-0.5390028541686471,-0.25310662792954247,-0.36841762878445167,-0.7304266457920088,-0.2790911519469877,-0.5095105090763584,-0.5683707388867636,-0.005219797511570059,-0.5739538724859159,-0.7933478097885183,-0.20291920796756013,-0.5100634587312178,-0.5856122602068625,-0.2935398104917569,-0.4292591136356448,-0.44697918859707353,-0.3191132883616308,-0.3243086620195473,-0.6444046789616211,0.00024262697853151904,-0.36160420555415157,-0.9004016417281282,-0.20891782438803483,-0.31577026003486475,-0.5869979034720382,-0.23146754564021196,-0.2736166287956768,-0.4505586035757092,-0.17925441049627394,-0.15020527110539414,-0.6662259684366302,-0.032928523135775246,-0.17336657615868714,-0.8743079755364087,-0.2535024726317881,-0.16248495660787984,-0.5417007721257059,-0.1900864794065571,-0.12499132726575132,-0.41210791365275007,-0.07506278771026734,0.05848941728848086,-0.6413921774847031,-0.07563179111883099,-0.013320669269953327,-0.7755739343201302,-0.21926141551833467,-0.01596427299993418,-0.5472423644480002,-0.18311180643632324,0.018246217766466424,-0.44911215452923064,-0.10974706269371541
CLOSED_FIST,0.0,0.0,0.0,-0.2461179164739298,-0.041800336953203766,-0.1256439824254504,-0.45453740052069735,-0.23026393086421262,-0.19897548776545296,-0.4189539525845615,-0.4621509309416883,-0.26727589475382213,-0.26143605084635974,-0.5855272427517612,-0.3111256816754665,-0.42056367354106333,-0.5876343463531869,-0.07216286181167725,-0.4487623831324284,-0.8631068772728836,-0.23164378232440194,-0.4062419298919612,-0.7242662159605079,-0.3069988292082828,-0.36978020606538786,-0.5867238080709466,-0.3280286383188161,-0.24695846260540388,-0.6276561635457539,-0.07193009850593174,-0.26607326479852844,-0.9082350429988807,-0.22599476065862412,-0.2390939258506308,-0.6587729202784561,-0.24444604120293018,-0.22051339871687334,-0.5239617331911356,-0.21020483190469258,-0.07689827283437686,-0.6262110546707865,-0.09906332413717293,-0.07195173396538095,-0.8359983902466546,-0.2575326278015835,-0.07913477079193397,-0.5704067216860687,-0.20660782149647558,-0.08048003864677251,-0.43903751313185135,-0.12297361686759509,0.09283313607362118,-0.5833616728006104,-0.13701968946124293,0.07294019454354805,-0.7336642260648961,-0.23678411719423495,0.05297494585138856,-0.548022680208776,-0.19114808970292316,0.0497028990003002,-0.4411904736596411,-0.12509080554493168
CLOSED_FIST,0.0,0.0,0.0,-0.40723891667294937,0.03565448931897548,0.10339454384955564,-0.6846886595800529,-0.16159247757782633,0.11849646635097633,-0.7474313277094011,-0.38654530466021153,0.0943914613995753,-0.6654177293746183,-0.5644120361810869,0.07564902705156527,-0.9204815590411343,-0.3661123104657444,0.13665824377123156,-0.8264962583272695,-0.533727288613806,0.09653983041415727,-0.6540427046321033,-0.463154512447697,0.04375367114012156,-0.5764135295772247,-0.36317907406701694,0.006229933639334168,-0.825720620264505,-0.5471055985104132,0.046070358061543595,-0.696796028964863,-0.6584537040711074,0.041184082059522384,-0.550446478897916,-0.5572418313206876,0.009358589030027205,-0.4733141065591157,-0.45453697853566777,-0.018194279079376523,-0.6565082863602169,-0.6967754538739469,-0.043446407302342345,-0.5326295217838863,-0.7809976596242555,-0.054839130507665194,-0.402993375256729,-0.6795588179021673,-0.05399845854750639,-0.33449696868223705,-0.5779894529470802,-0.05632092551562783,-0.45547014463825863,-0.8194360016089529,-0.12850796893033417,-0.34082509508212205,-0.8569328188603749,-0.11178289143759298,-0.2340768082843599,-0.7517559546313303,-0.07213433626835647,-0.18086490805030683,-0.6603110346740134,-0.04016855487482198
CLOSED_FIST,0.0,0.0,0.0,-0.2021228561800689,0.2601043520021113,-0.13006076350923518,-0.5246233769366695,0.4311471385326361,-0.2195229643107057,-0.7677132245231858,0.3161334415042425,-0.3130031257540081,-0.8112689095602608,0.04148380801612625,-0.38146784530184247,-0.7412770087943122,0.11289789814511354,-0.05978605340381867,-0.9622481273641604,0.12617216883289975,-0.24116203100025652,-0.7283036931877673,0.21465220776872085,-0.31896266728436634,-0.6151127130024197,0.1700408611749497,-0.3524506472085333,-0.675152685498217,-0.10065283883173562,-0.0748241751237638,-0.8833654197847703,-0.09589520329102943,-0.269309662499307,-0.5885708043942711,0.029233787608415007,-0.2779894205850638,-0.48000917232116286,-0.01757446097599812,-0.239241763943635,-0.5742604738648992,-0.2990066114419488,-0.1243669505941049,-0.8187652579102387,-0.3303237890456621,-0.3403137343591277,-0.5201059230716216,-0.14942330807484977,-0.2612413592901307,-0.3775986501220984,-0.1533491514406504,-0.15286308548883584,-0.4256155183509951,-0.4968060896102914,-0.18531864550475943,-0.6269691892096473,-0.4834941253905597,-0.3242247706238564,-0.43611012023879053,-0.30752561928631866,-0.26707967755895323,-0.31382146369504305,-0.2687479803791364,-0.18970405067688673
CLOSED_FIST,0.0,0.0,0.0,-0.2484877575678389,0.16720944634594073,-0.15034473312724395,-0.5899113135856846,0.18018022506333203,-0.22463526059834077,-0.7294949351353188,-0.06941423298504815,-0.30077952867194474,-0.6684568922205631,-0.3337409420692804,-0.349420410131509,-0.7614296498769901,-0.18571661039945658,-0.025103078294652675,-0.923157428963082,-0.31355510354507166,-0.2224040431087343,-0.7132497206416464,-0.13626081015059724,-0.3131374822326499,-0.6219955372544188,-0.10748982654195187,-0.35028860553037067,-0.6487308815765418,-0.3678017625481342,-0.03498119739510776,-0.7875174296947389,-0.510281031252245,-0.24288803460704325,-0.5504663266551821,-0.2650036218508028,-0.2622772321398276,-0.4840455587554868,-0.23447335695309438,-0.22069524198382223,-0.5019854768296568,-0.5186771423924565,-0.08812995607188777,-0.6236361570039928,-0.6716150304627581,-0.3101215590959701,-0.4195754412651482,-0.3888864997121074,-0.24214187377976987,-0.3554699571935312,-0.32287412816042055,-0.1344858172969302,-0.30312649551576343,-0.648343602715821,-0.1564087241082155,-0.422511247682139,-0.7460996225968944,-0.28822118240934724,-0.30581661834686347,-0.5169182070554037,-0.23170871071566101,-0.26019546549609096,-0.4311611434511462,-0.15331680684663446
CLOSED_FIST,0.0,0.0,0.0,-0.25668828882587935,-0.07206100936104401,-0.1513190830103498,-0.4790247874191099,-0.2987463120681758,-0.23237636555669156,-0.46238344988459756,-0.5658303712836596,-0.30995884563539466,-0.28987886726009476,-0.7208127163890697,-0.35426503988093183,-0.4340740949157681,-0.6429421352288929,-0.01985253526085516,-0.4541567614312485,-0.8629366097805904,-0.22154467618668083,-0.42140426566288947,-0.622613114033566,-0.31933246556320577,-0.3757036652376342,-0.49913555639031987,-0.34878661377617004,-0.25974066352827174,-0.6707181035515657,-0.011289823275201009,-0.23378977661039688,-0.8805969158865282,-0.2179903773700899,-0.22173305944873364,-0.5657935122656376,-0.24935363434868835,-0.21156506149922696,-0.4680868229108104,-0.20909508465750873,-0.09420839180871178,-0.6641712495714994,-0.043611215854225685,-0.06052230395127956,-0.8569615796823252,-0.25412084431841075,-0.08013598528165022,-0.559901465868168,-0.20282684972561973,-0.08294663813657184,-0.4612768647800008,-0.10300795790675418,0.07360969904092221,-0.6179168984017328,-0.08898190515857261,0.0751014710658989,-0.7470434060183389,-0.21028000790296386,0.046748027824131434,-0.5427574405657688,-0.16714392202132877,0.04263285082860498,-0.45966545367719,-0.09466353314601104
CLOSED_FIST,0.0,0.0,0.0,-0.24159248836021946,-0.03868662456037798,-0.15356687702481667,-0.4686851854455961,-0.21105780580690695,-0.24423486422345048,-0.5149501312748255,-0.4475826227447998,-0.32751249471550703,-0.39714461892739045,-0.6412999100354654,-0.3850732083851571,-0.4643014664418942,-0.5846649791879126,-0.061833028287578876,-0.5290063323003438,-0.812435511049529,-0.24515472822654036,-0.4970427214269932,-0.6087352713860166,-0.3435177766048341,-0.4362056432017204,-0.4614404898042018,-0.3786899073797596,-0.2839457830603727,-0.6389821188651226,-0.048977773991574686,-0.3176872725753924,-0.8674896736930522,-0.23275362476002745,-0.2949386358381083,-0.566258645015385,-0.26781485797262183,-0.25939323711307205,-0.4153082662265115,-0.23775366564578967,-0.11065658839757528,-0.6382831782226551,-0.06909076215430585,-0.1506120731649921,-0.8677687299504365,-0.2650808224144148,-0.1574588161692528,-0.5586003967487758,-0.2239921361598429,-0.1330642277483286,-0.4001754824941097,-0.13794319837334967,0.07265036802323875,-0.591083793107354,-0.10002310675673866,-0.001047585081979311,-0.7104520877902073,-0.24457913454865712,-0.01203621668646937,-0.49005894323331217,-0.21751362934483143,0.015263945985132674,-0.3671865853452726,-0.15380011214073855
CLOSED_FIST,0.0,0.0,0.0,-0.2652108933719882,0.1690845527044696,-0.15385443791240858,-0.5711236206689163,0.25618527722599455,-0.25514366387891957,-0.7823212820171556,0.124625507485492,-0.3618697894134072,-0.819028702582948,-0.12118146286870242,-0.4396749591568117,-0.7714724100021118,-0.08218103641798755,-0.02778423548585481,-0.9609177400808033,-0.15629736038883585,-0.22849120756275082,-0.7531809517854107,-0.02206933693377126,-0.33029401636217626,-0.6338057059942507,-0.00011285569930722904,-0.37011950947944805,-0.6763921144021234,-0.25350392888462564,-0.024922300276853174,-0.8457734786475483,-0.33376221130537603,-0.22714438049513302,-0.5969973936954103,-0.1580646617079965,-0.2612751571451487,-0.5113484899058399,-0.13917316456813822,-0.23582354121380333,-0.5561427365355278,-0.41332221880748643,-0.06361376387253022,-0.7252514801168294,-0.5053625626115038,-0.26148685361185947,-0.4973740514263852,-0.29542251132534897,-0.20046196167445343,-0.4043612343737241,-0.24618850255292413,-0.10530276963323225,-0.3979866227953341,-0.5609279549171973,-0.11838903481091641,-0.5605608320668414,-0.6301910105180707,-0.2128060270859457,-0.42548612792265916,-0.4520938311166889,-0.15314639461252613,-0.3521518529286971,-0.3912218544447351,-0.08008015190441871
CLOSED_FIST,0.0,0.0,0.0,-0.23409771321365827,-0.06850830792004955,-0.14941619537409598,-0.42007260844224314,-0.3123846408062479,-0.23272615202016375,-0.4210014321491837,-0.5928602733440803,-0.3099370134580101,-0.2677461588383096,-0.761277948834894,-0.3547155507022463,-0.3483763407615863,-0.6338812911279637,-0.055729730315427946,-0.3416070181685288,-0.9063607225264517,-0.24862599582371636,-0.32551739993843276,-0.6979014941473906,-0.32612985271044187,-0.30108191521847816,-0.535663249419974,-0.3351107672719813,-0.18063589069102143,-0.6374051329463637,-0.03812460299654449,-0.1396860353618405,-0.8651722483749085,-0.2347096931454368,-0.1606421725290926,-0.5525004753386407,-0.24747810523794797,-0.16282967328782647,-0.4219194041728324,-0.19048545468250422,-0.022259521262846835,-0.6089513810209027,-0.056929651058068825,0.008191956994804624,-0.7937528050072449,-0.25740926316887325,-0.03886056348633858,-0.49275673393262853,-0.1953557918045222,-0.04318289060211971,-0.3685281766966212,-0.08632475695658072,0.14223828507444408,-0.5501570318718614,-0.08706315608166076,0.12795879381505573,-0.674217163417736,-0.21009814636562563,0.09046161784957256,-0.4681413807889612,-0.1656455733553458,0.08802838202300606,-0.3666087290646033,-0.08783693547699398
CLOSED_FIST,0.0,0.0,0.0,-0.30747156711492685,0.11573231312815353,-0.11815026696417397,-0.6365914662720256,0.12641301149667122,-0.19375181092602026,-0.8210901714522282,-0.07287402726014731,-0.2770221968337219,-0.7976756241327747,-0.316838754887099,-0.328501853287505,-0.7105210117619837,-0.23859456547587657,0.0023924999062407133,-0.9044616981398634,-0.3843027147020669,-0.18509581321730703,-0.7163754316172402,-0.19685733996317223,-0.27634717094304506,-0.6021501233603331,-0.14816766098665293,-0.3102681499796552,-0.5879082255042934,-0.3846151128329473,-0.008036670360061905,-0.768239901550289,-0.5316079457206433,-0.20488602600180747,-0.5551072917900683,-0.3034830097684508,-0.23295403523018537,-0.4749705590048214,-0.260751864023521,-0.20019312281382642,-0.4546630564449298,-0.5180431038211143,-0.05658687112588811,-0.6192632303279287,-0.6629414307852638,-0.2541120628720853,-0.4268697151238642,-0.41425047788971636,-0.1896530935071204,-0.34231840117644935,-0.3538535832553513,-0.08836635909025214,-0.28405783182180694,-0.6355593228002439,-0.11754722865801041,-0.4353964556408457,-0.7321774060656098,-0.22159267028806687,-0.3266452489057041,-0.5301724571686273,-0.1637046180139256,-0.25965876057484455,-0.45564062014672296,-0.0878207571467147
CLOSED_FIST,0.0,0.0,0.0,0.08427059889270788,-0.31219144964388773,-0.07221199916445335,0.0037432800412537507,-0.6412985528184463,-0.08327001171730025,-0.06431544542379175,-0.8611108205423263,-0.09330917617475437,-0.08957422892287983,-0.9906211231394438,-0.10318065663106743,-0.39668315499088536,-0.5523562356959523,-0.02302480315155391,-0.493698190629196,-0.6797865359066997,-0.07199080130788924,-0.44099532582452816,-0.7290367973126981,-0.12836189618154084,-0.3699104712682369,-0.7476511055309389,-0.16805663303141916,-0.5105088969388859,-0.3986257579963693,-0.014265372819352777,-0.5519131871094354,-0.49292170654562745,-0.06151297557308995,-0.4270106037400592,-0.45622068144700373,-0.10736596677635178,-0.3209985201472587,-0.38989194859218346,-0.1398715056098067,-0.5627566654667716,-0.24119726614381234,-0.015892408384310084,-0.5768367941157687,-0.31636928221262745,-0.06385450162899653,-0.46667800695739936,-0.28531354014094584,-0.06944779852424504,-0.3659304158113658,-0.22166997977888234,-0.07207543546150466,-0.5751017874379186,-0.08956879701628626,-0.025088179028959733,-0.5866757179524343,-0.15304995729916754,-0.05460361214851004,-0.4972547662912527,-0.12959052767911491,-0.03926203200538685,-0.4106758160157602,-0.08367615331985213,-0.024521141080959544
CLOSED_FIST,0.0,0.0,0.0,0.11763656869078755,0.30688461262452027,-0.2443398259575355,0.370892657628568,0.544137554974994,-0.36157365486613013,0.6349699967756764,0.3784371611446583,-0.4496005976092568,0.636316782532465,0.08686507834672612,-0.5034164240934906,0.6786092225369306,0.4056157828652349,-0.17146088619721947,0.8795757092640843,0.30577153999766205,-0.36448640166684,0.6606607187453738,0.27722420114601903,-0.4424603291963328,0.5889940827731843,0.3113059998318342,-0.47287936684871723,0.6805376327701479,0.1529307957748105,-0.13288405574614595,0.8256404786310046,0.018726292226803935,-0.3250511600580321,0.5100956315151385,0.07057466398573488,-0.3330599053541323,0.5179699917615288,0.16775341414467712,-0.2979424307474015,0.6408603430015388,-0.06324399136885339,-0.13588668795203993,0.7588761693970097,-0.20324131298589598,-0.33832961030260966,0.4729006853270369,-0.12088939024844944,-0.2796957211861503,0.4788367772982364,-0.0091659852739346,-0.1937706736002948,0.5758569680517306,-0.27008952634118105,-0.1603637908049765,0.67149359922894,-0.38671331967485073,-0.25314715572686597,0.48871830134911437,-0.3028455291460948,-0.1952631839241757,0.4609452064681887,-0.21659990135820084,-0.13164192861193696
CLOSED_FIST,0.0,0.0,0.0,-0.2330708031795305,0.22243430707749814,-0.08220937090939849,-0.33110476795646543,0.5571581643677516,-0.11071798085361403,-0.2419601481192103,0.8382946485442783,-0.14074186162240854,-0.08873786474101716,0.9848205390699171,-0.14917807207241593,-0.20536895189185164,0.7178323474477338,-0.007980402040425124,-0.07901571950617807,0.9214661213444157,-0.14642648858921842,-0.11686742416750387,0.7015750480117354,-0.22464970083368713,-0.1711815020116312,0.5836271120235792,-0.2603671551858809,-0.028905420659932218,0.6735742001324638,-0.023439318840227607,0.09339090357863554,0.8715938889723213,-0.1662889086639582,0.012431672968307,0.6032673633294826,-0.1973862005000897,-0.04132458832029273,0.5100871209756689,-0.18969585184797536,0.126107183800067,0.5985995575856721,-0.062468802754842,0.23644923185294422,0.7820143770959486,-0.213344420197501,0.14334994141280535,0.536833180934183,-0.17405598536243566,0.08638773157581968,0.44621572849825236,-0.11022492749196618,0.27492992689693985,0.501858894417266,-0.10883466817335487,0.35480678319394315,0.6397170101137024,-0.19979550106644886,0.2904067088678105,0.5022417696967338,-0.16466398358326345,0.25063357694402694,0.43453284410203863,-0.11573052235059546
CLOSED_FIST,0.0,0.0,0.0,-0.27752779904531016,0.08858302929050671,-0.08525280450394813,-0.4509978590726995,0.4125854651586088,-0.1005530217053258,-0.35973031731578364,0.7303218164780466,-0.11526186227610076,-0.15660152764804194,0.8424752871663372,-0.1027677405687127,-0.36780157944601144,0.6665670570622372,0.021466519040875848,-0.3056829852431568,0.9443800987918306,-0.12126063474501686,-0.27944944222658796,0.7166958903075773,-0.20814326627969615,-0.3032575205045968,0.5745085687914373,-0.24663448034712887,-0.17938949275737556,0.6582226301617706,0.01874618580484078,-0.11750845700673258,0.900554681829474,-0.12853515649187985,-0.14031485269918595,0.5975187204623806,-0.16625308015191723,-0.16903840670924053,0.47756699555807447,-0.15392789238512472,-0.013614789392584214,0.6291470128001221,-0.009926894876920148,0.04591379809985832,0.8446083722714058,-0.16427295908324085,0.0011430098654780197,0.5582689506505466,-0.13173436259891155,-0.03247131505244052,0.42430339462211025,-0.06513248003466779,0.14881888060666826,0.5839875353319481,-0.04565818671774155,0.1749200371368279,0.7502894318019778,-0.14456988144808813,0.13616216782425827,0.5510664356233723,-0.11496781604732736,0.10967530232480942,0.4334087301073763,-0.0634181220924773
CLOSED_FIST,0.0,0.0,0.0,-0.2925408209112961,-0.023392555821848068,-0.11669017578609459,-0.6121142043990723,0.15870116175863783,-0.15217704650376593,-0.6473315752786747,0.46926928523874945,-0.1758841783810598,-0.4837361906015222,0.6754006972099754,-0.1685265025297328,-0.5969710051629865,0.5529952929729115,-0.040857809810113194,-0.6113146663381054,0.7703734255825686,-0.18116060243913268,-0.49174482512522594,0.5338934766590829,-0.2580246543745955,-0.4891623774333669,0.421879657412036,-0.29723887643135777,-0.422827484394321,0.6508811283732339,-0.03632726805306269,-0.4134172054291849,0.879812715060427,-0.16119062248184393,-0.3195719203933696,0.5800467036479224,-0.162747677671779,-0.35141324396214907,0.5018045458780968,-0.1373784920647891,-0.24355469889395454,0.7021925377243969,-0.06009955066363447,-0.24554614250996223,0.9255893243361566,-0.19121576178003022,-0.18013876526026398,0.6507057291732069,-0.1199217425242752,-0.21078697837272659,0.5668375430884833,-0.041094091488228505,-0.052021784717709914,0.7267102131448477,-0.09550446119942374,-0.0677199270557455,0.8816665417378463,-0.16623975052064735,-0.04459236345022864,0.7030165180683902,-0.106865184863044,-0.056916782215616225,0.6335102388066782,-0.04358131701563477
OPEN_PALM,0.0,0.0,0.0,-0.17454163660418004,0.1795424971858633,-0.02620029001332861,-0.36865309482467573,0.2412098618132486,-0.019620497434455396,-0.526280664764466,0.20972701506094252,-0.020365692557127134,-0.6334361881581964,0.17335397473850855,-0.017333487009729868,-0.5627769298005514,0.023253317726240258,0.08886520598220005,-0.7534554307342086,-0.019991065571352978,0.07358441866117528,-0.8504440828968051,-0.060394513047782726,0.037004972419707335,-0.9320032638217727,-0.10087070110407717,0.005922770535188222,-0.5552097743233728,-0.10953613076918294,0.07032676255287647,-0.7676856595163367,-0.157149110633128,0.06742742617909772,-0.880780071267916,-0.19150227895328917,0.035386198217470195,-0.9746563856298985,-0.22362365047730307,0.006114973267926798,-0.5140160239697863,-0.22157801166266028,0.03616854848645529,-0.716372934527363,-0.2692362643949689,0.02333877490811032,-0.8306894784940272,-0.2912677575155415,0.004963730887076093,-0.9241870170952367,-0.3111957088723253,-0.01228224520770471,-0.4337153093604927,-0.33505631996707774,-0.00601406718863854,-0.5988291877847163,-0.38299862285429087,-0.0177390926448299,-0.696449325891765,-0.39481495006520745,-0.01733635162242883,-0.784899934877377,-0.3990119367660277,-0.01920643027854461
OPEN_PALM,0.0,0.0,0.0,-0.1741314599977775,0.05925481171269833,-0.03832600793584445,-0.25836138944331677,0.23387981033217517,-0.037057521887352986,-0.27679819819252616,0.38999137069026985,-0.03615496355675609,-0.30858723927326104,0.48771647411741165,-0.03560364703367331,-0.18573826385797956,0.4814589139659883,0.003583932274722413,-0.1931353852631176,0.6804153811667563,-0.028953911618901138,-0.19785507538800914,0.8098719808829381,-0.06687866611409946,-0.19277902412465042,0.9191078833073703,-0.09501033727697702,-0.08873891263114411,0.5055307528473768,-0.004164164905281902,-0.10529461701548017,0.7246719760642736,-0.03139778212818458,-0.1170171885963478,0.8702143794709938,-0.06777619290830131,-0.11823178089579929,0.9884373445822068,-0.094936093354864,0.0023955683653708103,0.49422262001881645,-0.02053924371762802,-0.01413034641720402,0.7007420616270484,-0.05314728844259711,-0.030217070436902412,0.8328095867320651,-0.08554304441253557,-0.03716541028054821,0.9387383105388561,-0.10545548592882484,0.09811803554012886,0.45350464230351767,-0.04151523305106472,0.08729050828664965,0.6226785797460823,-0.07409000817963596,0.07342337600923504,0.7310736888251952,-0.09173059294502295,0.06053450519063288,0.8233331995623705,-0.10107706838801249
OPEN_PALM,0.0,0.0,0.0,-0.13719933133291146,0.15301813931967634,-0.06998743669755561,-0.31463881618995554,0.24224070797871286,-0.11239164552246098,-0.46539130619832725,0.24219561145579677,-0.15758447770030912,-0.5835633998411724,0.22530230364968437,-0.201385875453799,-0.5136911102980245,0.07512847719119768,-0.04890411229866489,-0.7361130238681863,0.08275475018153858,-0.11044010288837589,-0.8534933353099321,0.07734286678812101,-0.1628791007390359,-0.9526168455751973,0.06390620746352732,-0.2030423646915966,-0.5169446741046777,-0.05909831683369934,-0.059339104779973034,-0.7510172743702128,-0.06820871639320894,-0.10877334479650594,-0.8773803246311799,-0.06643131210334256,-0.15381970722596616,-0.979775249410086,-0.05784042448782638,-0.19155924915929237,-0.47960159637354655,-0.17903890820313495,-0.08214122677915708,-0.6928929296901938,-0.20253378325762728,-0.13073509778870301,-0.8223470083731373,-0.19608381548711695,-0.16718606295035546,-0.9318991647236212,-0.1776994663116554,-0.19503235787167547,-0.40457443603716703,-0.2917132095764074,-0.11368367029911605,-0.5680963447331531,-0.3286391820510004,-0.15651552099523672,-0.677712350243999,-0.32667481509321106,-0.17892431206105747,-0.7791619391612764,-0.3085911469842926,-0.19591656915453493
OPEN_PALM,0.0,0.0,0.0,-0.18346821283085069,-0.06808853979750194,-0.06970647227477689,-0.3644139486673392,-0.018846210773715337,-0.08508718801071698,-0.48277767543885347,0.09984154986453632,-0.09772166395181175,-0.5851636695773984,0.14957210662605172,-0.10891889928732654,-0.4440901954944627,0.21867061354483838,-0.01798880025454833,-0.5825651317018579,0.36858786373578634,-0.06801584520049674,-0.660600165464942,0.46507250981842757,-0.11599827569817682,-0.7248501705234947,0.5503055548468192,-0.14963750326350597,-0.39208440907827,0.31092645934381963,-0.016666211697093276,-0.5437457821117815,0.4839741335498097,-0.05944531599400311,-0.6369774237081528,0.593981388401746,-0.10691152366596646,-0.7124946641911538,0.6873968163077123,-0.14084378022886235,-0.32706713245945207,0.3701383710655496,-0.027561405183444628,-0.4649939421605928,0.5358087335074959,-0.07251616485373623,-0.5518286195689761,0.6327068658028225,-0.10767169544103072,-0.624530683899082,0.7143469082689743,-0.1288209083160635,-0.23956499278241047,0.40751731359532223,-0.04634763885186388,-0.34902299967537764,0.5405824278748798,-0.0849476248695695,-0.41999248552910073,0.6176189729150531,-0.10272450574190438,-0.48468401311820586,0.6857224214368797,-0.1120031581239395
OPEN_PALM,0.0,0.0,0.0,-0.16066685121471433,0.060740877040866954,-0.037497537069347595,-0.23754906519545108,0.23164273168584215,-0.03737953763009001,-0.24673136733268114,0.3934472429609867,-0.03729164156872012,-0.27959250681015796,0.49599276531521636,-0.0368972282616872,-0.17682277619659612,0.462461902090825,0.00047824073111333725,-0.20468175066609987,0.6636322447353543,-0.03419867878844873,-0.21957916692133836,0.7865117984789655,-0.07021619188719404,-0.22435836696901434,0.887436597654322,-0.09594911982624069,-0.09794510870780303,0.49308593217112046,-0.006172448868694726,-0.13250111342994686,0.7180097515413045,-0.03530972965932121,-0.15510876576484078,0.8659141796038777,-0.07036988954999733,-0.1640125274749042,0.9817892352434651,-0.0958633839969443,-0.02487812358951743,0.48961870270859764,-0.021392203997369654,-0.053751381411866965,0.7035977606726757,-0.05189465238306266,-0.07558118442709257,0.8344670855623368,-0.08329190567453333,-0.08859355212859281,0.9381321158110841,-0.10332313676432547,0.05392320533851968,0.45479613467332547,-0.04104848718064738,0.035250925996170066,0.6194575813579567,-0.07100669177454465,0.014873669243667825,0.721746776894447,-0.08906891018242719,-0.0050080085134380815,0.8111190900953339,-0.0997549825026273
OPEN_PALM,0.0,0.0,0.0,-0.15183063783709946,0.17468347484116345,-0.037709518224384446,-0.331739176645446,0.25863643758106014,-0.043157578284350545,-0.4894200064697849,0.24063886077998495,-0.055083558197212494,-0.6038682303529157,0.2129198032279957,-0.0640415689364708,-0.5305755838945719,0.0681951798926452,0.05108954053245428,-0.7255605086726447,0.04254029186971062,0.028313353125693122,-0.8362902845077107,0.016772952433766662,-0.007176262657069465,-0.9257941009953817,-0.012562281335741042,-0.03642968759210321,-0.5337062726576787,-0.06838090164306437,0.038379213632013104,-0.7573086580648147,-0.10986261405615719,0.025326704978410875,-0.887233989347799,-0.12939075556154647,-0.006962589869514142,-0.9883018111872258,-0.14829001491298388,-0.03563146756949615,-0.49710506376169994,-0.1896388223559812,0.01121273923825798,-0.7099087477447193,-0.23541276118965826,-0.009120593193176962,-0.8373199528182362,-0.2529731324202764,-0.036920780626186,-0.9381313932031754,-0.2630850430963282,-0.059549521187876917,-0.42252457677332367,-0.30417960505757136,-0.023636106299883462,-0.5830946225644529,-0.3640516543489502,-0.04130148540216639,-0.6898478212829116,-0.3740374779072685,-0.0509848692454593,-0.7828401343298035,-0.36748724782591885,-0.0597555184976544
OPEN_PALM,0.0,0.0,0.0,0.13288034627971296,-0.1141658714438952,-0.047794793505250295,0.18718580201913573,-0.29246246594538206,-0.06577778996854475,0.1762811503938274,-0.4666947025986671,-0.08227904559330386,0.22764972532112004,-0.57896270507674,-0.097226875419547,0.10358301875835421,-0.5061619392888713,-0.022797926376777754,0.09438745283713906,-0.7185037353668673,-0.07160021180993642,0.08705437888850906,-0.8467096863784103,-0.11326954711913385,0.07654909219070764,-0.9526304477309507,-0.14129599362445333,0.019379961946084573,-0.509014941658756,-0.02904911970363799,0.01608613226765873,-0.7309768729901555,-0.07189010787711181,0.008371949554912503,-0.8742668654699066,-0.11139797247819512,-0.0025707584507973255,-0.9903549928441535,-0.13852934472394016,-0.05411072332992203,-0.4817651200643449,-0.04316205646315074,-0.06460011535810467,-0.6870860589183653,-0.08152457103984284,-0.06500502071330727,-0.8110806036810619,-0.10571963581689756,-0.06560665666504842,-0.9118762423483859,-0.12067289821414968,-0.13131295020193562,-0.4261821870209911,-0.06252657503470037,-0.14396556135189045,-0.5800409086369934,-0.09623830644260789,-0.13814575077765043,-0.67264556991635,-0.10806282801209594,-0.12952071266906542,-0.7552186283592153,-0.11263731392837657
OPEN_PALM,0.0,0.0,0.0,-0.1448121494252869,-0.0958578696622438,-0.05838703791556504,-0.22007972899823003,-0.27519846242554385,-0.07824100340700066,-0.22789367681908815,-0.442996737519656,-0.09552309251862214,-0.21898301481592022,-0.5755726993298641,-0.10712113851515571,-0.11330071549736385,-0.5066106231847767,-0.012880728519382103,-0.11690592815474131,-0.712120691640433,-0.04950235532473928,-0.11213890451709393,-0.8331912668555276,-0.08433198192539594,-0.10423943421985465,-0.93283377750183,-0.11047279934551874,-0.029407870506750484,-0.5202987227049444,-0.012821984589907303,-0.033386093043482994,-0.7419752331345453,-0.044678794173174885,-0.03181070228321459,-0.8802284077210188,-0.07683931635537176,-0.02732199861806862,-0.9946392266741457,-0.09973122456167696,0.04678561954391044,-0.4998987372140039,-0.02417723315051934,0.04844950817466073,-0.7096185460338507,-0.05664642231464344,0.04703957345120875,-0.83719580554684,-0.0864281872773735,0.04313199642035388,-0.9464735469718756,-0.10476010298420088,0.12556279708272447,-0.45437090521412543,-0.04284321726120804,0.13158692472792122,-0.6224361616167337,-0.07055164518810618,0.12700007326548027,-0.7319897301165106,-0.08941165313978094,0.12617170746463166,-0.8285844722110062,-0.1005468343655195
OPEN_PALM,0.0,0.0,0.0,-0.00013568735883813716,0.30785387086872096,-0.016627993720591473,0.14546534608403053,0.5459225850327194,-0.01850887187695426,0.3364424109135435,0.6831073863086672,-0.02209111900052072,0.41694302705258773,0.8167559092432498,-0.031911477471747475,0.4235844305987568,0.4934400525241418,0.020038836965438026,0.6615023609422741,0.5064234615268915,-0.004751481071464815,0.7783548499265005,0.4846277868335234,-0.04804458070537519,0.8632209198225946,0.4703151660224086,-0.0811745511130825,0.4943085962574641,0.32436926430907526,0.007884177519167762,0.7292035731544614,0.3614388518681117,0.0022164569060853603,0.8503181458125721,0.36267332659981966,-0.036659981343492076,0.930932979791651,0.35695050206553186,-0.07713706120537621,0.5150797907125161,0.16201418677473128,-0.0076574270529742045,0.7303982727776491,0.21069019619894133,-0.022033710637214828,0.8588570480300882,0.2355884197548569,-0.0506155273327278,0.9469213078451261,0.24250811346370627,-0.0785028163946942,0.5065757821129291,0.004341724288898661,-0.02363204710118683,0.6756114959141187,0.05299554101051392,-0.03922828383010783,0.7763094149708506,0.08577682948323223,-0.0436816128926078,0.853768907670619,0.11196747287213173,-0.0476553552790878
OPEN_PALM,0.0,0.0,0.0,-0.11445636088685032,0.18817348278242094,-0.06416277235478414,-0.29242534278395993,0.28154027447863,-0.09154860782339552,-0.4476957770053872,0.27479146796268594,-0.11958152876006393,-0.5635582294840626,0.28044069890278617,-0.14582542363171644,-0.5136931709213337,0.1221006128567823,-0.02423810629315935,-0.7170877826721613,0.12043420522940382,-0.07015334976486007,-0.8316992664099622,0.10369970606878612,-0.11517707046971314,-0.928368233790575,0.08522099723041657,-0.15141372634241987,-0.5237729479011496,-0.014209782521852158,-0.03231186869311324,-0.749594000672101,-0.033731760709919054,-0.07081304798799051,-0.8805901550728873,-0.04572787437790045,-0.1128814788640897,-0.9876310581637129,-0.051275641819317846,-0.1481745643031961,-0.4926628756639151,-0.13630935267074284,-0.05330480442859843,-0.7067246698748775,-0.16819491885028146,-0.09391080239559503,-0.8327882544902914,-0.17493041078853272,-0.13248679347518538,-0.9352151751607787,-0.16902098412532818,-0.1619211138181667,-0.42468778571079724,-0.25300240219337855,-0.08246566961398845,-0.5926618510088074,-0.29703623718477307,-0.12004018989388231,-0.6977979273024248,-0.3024411135408913,-0.14472834453918998,-0.7905316348918329,-0.292559050018983,-0.16376851147303748
OPEN_PALM,0.0,0.0,0.0,-0.059404045968771524,-0.2602460962533089,-0.07824433941861392,-0.23484469528553403,-0.4349880876873797,-0.09489844193897412,-0.439159360083249,-0.5372467311435837,-0.10987518190988281,-0.5588559062972588,-0.6511945828977073,-0.1267902949313711,-0.46883221163299144,-0.38147618600030836,0.013204418770428532,-0.667774537983375,-0.42605717812090715,-0.041553436462587544,-0.7786228540021934,-0.42458586158719824,-0.10955858485567485,-0.8871990146639847,-0.42271116196972536,-0.1601528373323217,-0.5001679967961525,-0.25148544105157855,0.012406690285582153,-0.7059566282371037,-0.28902523376721756,-0.028616739679331014,-0.8321924512035523,-0.2926585946185891,-0.09590233781862541,-0.9442048126598263,-0.29228749836540124,-0.15180675231793214,-0.49223369025067054,-0.12564804485718267,-0.004237255904957007,-0.6879347101209637,-0.14836826325776867,-0.04996970891976141,-0.8093239480485034,-0.15818548273727367,-0.09302473358384344,-0.9185954488986164,-0.17451298960316763,-0.12705865392323024,-0.45547602375290935,0.006198424115611334,-0.030207058268719056,-0.6189445301774934,0.019554490616631087,-0.07140004214003556,-0.7134872482511659,0.011845625449557598,-0.08890701969922112,-0.7975914883447118,-0.0104751749166334,-0.10236791725039458
OPEN_PALM,0.0,0.0,0.0,-0.13780344020069174,0.17474486051746752,-0.04300569061665432,-0.31615056184244045,0.24156493155874564,-0.053080421618452146,-0.46821632931200796,0.21655777716059227,-0.06793893646334213,-0.5745946344414687,0.2038703493495007,-0.08229281568626899,-0.5066601986258508,0.050436579949522865,0.017556960012635917,-0.7085540832620381,0.0283636086668538,-0.015554888382006955,-0.8264849675236189,0.0028161635349066255,-0.05353753559072901,-0.9227862208147964,-0.026417496458531583,-0.08529259774954193,-0.5089803893132407,-0.08057597160785968,0.003289451539372768,-0.740624713594004,-0.11472383131897762,-0.023499917657572325,-0.8761943587681219,-0.12897715777852753,-0.060794347294366065,-0.985701555103596,-0.14097656856823487,-0.09229329001112845,-0.47073510287779813,-0.19596348143690537,-0.02326740515881535,-0.6911682329828456,-0.23386657566847052,-0.054957095408191485,-0.8263848082933851,-0.238510791468748,-0.08845498972569187,-0.9371541764155368,-0.23779758832620088,-0.1154232913163553,-0.3937376593185084,-0.3073815132661241,-0.056984699248930376,-0.5557048417573838,-0.3570625095807583,-0.0859848730013471,-0.6682352606046331,-0.36729227245977875,-0.10529661393965888,-0.7705100644725336,-0.3645126772354068,-0.12118467707594187
OPEN_PALM,0.0,0.0,0.0,-0.18261657057904987,0.015798524715870683,-0.03144998173173759,-0.3321825693651314,0.11667799232010966,-0.05457511013802882,-0.4460169075277958,0.19296246588958135,-0.07793480593802199,-0.5452416038347503,0.23584769477723722,-0.10904379386460132,-0.26003875362449813,0.37607704147035687,-0.05863779980222355,-0.27173349508570277,0.5948721290716652,-0.10856862483068469,-0.27425013521036673,0.7446749875216846,-0.15256213540074876,-0.26974544008677565,0.8692104361468876,-0.18601299953014594,-0.1528163140740163,0.4052521649054496,-0.08213998807633707,-0.1707210510264847,0.6527952454576874,-0.1297567601063836,-0.17773653788797586,0.8238386516325821,-0.1798714623797096,-0.18149506807317325,0.9584431388864258,-0.22010517891828407,-0.043559577619092876,0.4039934731236199,-0.10662523812473183,-0.05775807292904105,0.6339227987461931,-0.1603418032056224,-0.06809554259762457,0.7910182981151925,-0.2030127977561008,-0.07623035121060581,0.9119312163287587,-0.23105534144428524,0.06513715102188766,0.37812595934170823,-0.13187941473542977,0.05359838306192014,0.5652346857066266,-0.18694423121579715,0.044273576430285136,0.6974254743553708,-0.2132942864683299,0.03470155155137629,0.8084251787537343,-0.22770951902674008
OPEN_PALM,0.0,0.0,0.0,-0.15839942108656882,-0.05547401067944257,-0.04604411314686964,-0.3300490488736461,-0.00011244959579867702,-0.06353766441936064,-0.44390266295149794,0.06913295481196066,-0.08436043407778779,-0.5325294187434586,0.08035207969001891,-0.1109205200237451,-0.3911090961887792,0.27943994967503866,-0.037441347252413486,-0.48154752604579376,0.47092501221225974,-0.09284569316076297,-0.5283803073903749,0.5890575767806305,-0.14559189630349767,-0.5595207746824038,0.6942389266000302,-0.18413674098059474,-0.31990499704576525,0.35029534274628626,-0.056946627721995643,-0.4216953030424709,0.5705090929169212,-0.10333663098278677,-0.48538994911910394,0.7093943697558817,-0.15609392099835917,-0.5284919665524628,0.8254344482830087,-0.19837896278898978,-0.23464449041904537,0.3828327560158675,-0.08383410923085959,-0.3228779846390175,0.5958763571909073,-0.13660789955014405,-0.38827630657475065,0.7314059517152866,-0.18132319218715692,-0.43719287918975713,0.8416843509158382,-0.21218076741428354,-0.13270691414149352,0.39017971255202655,-0.11516218492409225,-0.19969417424294425,0.5739151965818937,-0.16945651489200497,-0.24542933437570427,0.6897381970509826,-0.19717600588476686,-0.2867847429189367,0.7881921239563592,-0.2146385794361067
OPEN_PALM,0.0,0.0,0.0,-0.18793255556755545,0.08756745744610062,-0.026122100274458424,-0.2935452703548162,0.2974526117616997,-0.02125894728921349,-0.33705456110552123,0.4701633974292408,-0.022921411623198606,-0.3780617654042411,0.5871973522353829,-0.031004720994840224,-0.2202606446097258,0.4924834628007735,0.03321031018662883,-0.19061812222340424,0.6956769969800793,-0.005338640624064186,-0.165276316910539,0.8140573936735157,-0.054718035954282734,-0.1427241286023903,0.9192786656180215,-0.09141796538444952,-0.1278232994953895,0.5035565184147308,0.012782945281494032,-0.09595034444273787,0.7205672578333735,-0.017762713481697338,-0.07133647739541432,0.8673619133964221,-0.07236357842694315,-0.046611334919713004,0.9921098600993375,-0.11638474535210892,-0.03873765495988312,0.4846363821782481,-0.0169599343796145,-0.01496042450805509,0.6991376720065514,-0.054758142048505744,0.002762649510494276,0.8374567110493146,-0.0985684125843422,0.018376460508254817,0.9523487289082212,-0.12943903741872156,0.057689820848206626,0.43743157830718693,-0.05035784428126073,0.08043547561661182,0.6236091758676345,-0.0885345719098501,0.09176918632830776,0.7381670913237195,-0.10805942889347855,0.09749457863407159,0.8348414163451336,-0.12077110492854752
OPEN_PALM,0.0,0.0,0.0,-0.1643845628378086,-0.11717833669836848,-0.09549374682901851,-0.3358485419677899,-0.11929072642990782,-0.1413782761165881,-0.47679406588031725,-0.0660635210515377,-0.18144848111065898,-0.5997324161089487,-0.0581876299425551,-0.22040246082156872,-0.49385864886374375,0.09687890002120772,-0.07722629773954345,-0.6739461225370035,0.20830814347274668,-0.15111967758363243,-0.7593808561738562,0.2800657826560343,-0.2145326839101027,-0.834439057600435,0.34387353854372926,-0.25821857191190406,-0.45143787362161153,0.21566584014351703,-0.0744513156584787,-0.6389266628163901,0.3367121578428201,-0.13712508523168676,-0.7498917111780258,0.41773401740080074,-0.19117494504171398,-0.8434745125698933,0.484325241426316,-0.23233554864101585,-0.3807646227354674,0.3047923769767102,-0.0852299104905085,-0.553968705432484,0.42858296605504576,-0.14776778377990535,-0.6630774301763988,0.5033458008040427,-0.18557499878383146,-0.7554351667681849,0.5636481041876004,-0.21057675933383685,-0.28671964007022327,0.3734078810704726,-0.10558717172932916,-0.4178004941071772,0.49656442935782247,-0.16377318231426485,-0.50413667015217,0.5684076038410074,-0.1881089612822914,-0.5836134964532693,0.6294637804793873,-0.20173317748128405
OPEN_PALM,0.0,0.0,0.0,-0.06914402946123271,-0.28352592596421744,-0.07169344086274619,-0.27256060819016703,-0.4889428969768789,-0.07327074403398928,-0.4736909005688979,-0.6110386652212203,-0.07399510870350773,-0.561145143008706,-0.7502376765119105,-0.07874592533761514,-0.4601455526073595,-0.4363436941075921,0.055069983814440365,-0.6629669562999674,-0.47476794326015803,0.020058327782204337,-0.7775408576103177,-0.4622567620003608,-0.043552574179340324,-0.8836466968543399,-0.4587167319111832,-0.09352793701957579,-0.4906044498434361,-0.2952036781095663,0.059380766658387686,-0.6943771916216692,-0.32520810068401296,0.041340203457645906,-0.8227025109113655,-0.3264769484647495,-0.027629737034779583,-0.9332453925025617,-0.3243907500656342,-0.08881611885888967,-0.48694856796439684,-0.1580070080112177,0.0468989746698153,-0.6775494484625192,-0.17946053990322028,0.02006807570879871,-0.7977802194354904,-0.18956113775228967,-0.02939202749887033,-0.9054951534225296,-0.2012911856121275,-0.0707013178041364,-0.45640527215804255,-0.018818445036155106,0.025214226425243146,-0.620194854437516,-0.03396428006099656,-0.0021658001652099194,-0.7153262810006202,-0.046862698635223694,-0.01871412299262931,-0.8013711376940464,-0.07075307006789935,-0.03379765384520115
OPEN_PALM,0.0,0.0,0.0,-0.025931272515227467,-0.2672110538147237,-0.08468413999294343,-0.17845608822345188,-0.47554745189504627,-0.09774189660937412,-0.37675031952868054,-0.609712960526378,-0.10585216030066029,-0.46140758530838843,-0.7619185032621145,-0.11375669028766612,-0.37522805308696877,-0.458685309652615,0.029188076377676758,-0.5683300190489672,-0.5398496423370911,-0.008074661014701152,-0.6925064213852864,-0.554280018756057,-0.0628558585218369,-0.8042704387401494,-0.5705469608306192,-0.10613390785185414,-0.4345312563286246,-0.33138786321009844,0.04315533766709347,-0.6420917903966527,-0.4011244034673202,0.01208666592182721,-0.7804912163304951,-0.4213253557830637,-0.0538263119597994,-0.8953670075521155,-0.43202062997513024,-0.10805599040803608,-0.4547211605507891,-0.20634460882643496,0.040364683412986255,-0.6525781243975093,-0.2641754948617169,-0.000898274488340055,-0.7708013609839749,-0.2867567822204718,-0.0528943724607718,-0.8687756431929402,-0.30465393188090795,-0.09035102889653439,-0.4503551740836563,-0.07690412853862225,0.02938331756779661,-0.6087429294441727,-0.11698898251529521,-0.009331616457753213,-0.7015018130411687,-0.14151862869111,-0.036197705579711144,-0.7779478689948683,-0.17123605324494667,-0.054865388335640655
OPEN_PALM,0.0,0.0,0.0,-0.08419372498636571,-0.2531344889801323,-0.08916490025773709,-0.24964256689711378,-0.4768236318950026,-0.11688965017870578,-0.38680033755292104,-0.6595183871912604,-0.1393944673217952,-0.4905747440077546,-0.8075964658959484,-0.16656986529256454,-0.4978218938973769,-0.2902211026950725,-0.04535112341598935,-0.7063168900899295,-0.2945959932844897,-0.09948981480014603,-0.8149350364296798,-0.28040281088876845,-0.16266368386109323,-0.9177048859406317,-0.26919043069846554,-0.21454817351587965,-0.49696211178622335,-0.14688367359490404,-0.0528622160180773,-0.7189195876900596,-0.14107973667173387,-0.09312721951923446,-0.8505731119511281,-0.13658769108744104,-0.16252613248226846,-0.9636693920380242,-0.1395761881185341,-0.22772744797095565,-0.45995876525772367,-0.008981339376622557,-0.07392169265185415,-0.6689147630427699,-0.0034235349568231717,-0.12416791060524485,-0.8039766364457537,-0.006826788187695707,-0.17714084863945623,-0.923052891702796,-0.01965197326395763,-0.22392115913570226,-0.3963166456708245,0.12398208881801652,-0.10414057890375798,-0.5624442119733728,0.1602777152208819,-0.15772824305695995,-0.6750916187360575,0.17752553957303277,-0.1856084310045139,-0.780945946762595,0.18124208941482114,-0.21091864909492594
OPEN_PALM,0.0,0.0,0.0,-0.1498851945303965,0.18696840344546184,-0.06745952404683642,-0.32932117872297634,0.2841673918314806,-0.09605392854331674,-0.48918210030929976,0.279026898392963,-0.12662513622830873,-0.5941251001248721,0.24970105858552924,-0.1530672233827583,-0.5388092752503918,0.09190328364517127,0.0023285096901346494,-0.74578428444787,0.08617513432016585,-0.03928489790066164,-0.8607438218941107,0.06764885431539754,-0.08412227991449324,-0.9565410325969169,0.04323298556345382,-0.12003157531046145,-0.5447222604214401,-0.0407846788747478,-0.0006770499063945505,-0.7676755110685944,-0.05668875652895997,-0.03379179607700503,-0.8929638116269591,-0.06706406664199394,-0.07295032873912109,-0.991533682943826,-0.07641337596032315,-0.10498548262592661,-0.5123448467647397,-0.1626974204287448,-0.019521371927082143,-0.7232234529953939,-0.18414624566846163,-0.05493934882398164,-0.8492841838245804,-0.18703011100124559,-0.08783865946040466,-0.9495292759677695,-0.18386053067079886,-0.11202083030769189,-0.44131817984897964,-0.2836377967727123,-0.04826685058460884,-0.6023352781295596,-0.31574838466363325,-0.07755060960864958,-0.7099719397759582,-0.31424097478997537,-0.09605541386794965,-0.8045295497582291,-0.3030173291955689,-0.11005735406640377
OPEN_PALM,0.0,0.0,0.0,-0.19901662517421884,-0.04918147210313379,-0.03693931088082241,-0.36119105009818564,0.06560768006494624,-0.034130984650162136,-0.4522035818603971,0.2097426434906841,-0.03275637686497182,-0.5367176684618367,0.27888864848214456,-0.031250577973659675,-0.4236351206112128,0.34521132403483107,0.02543146874846006,-0.5176775481308827,0.5344117729451126,-0.0019643279320953446,-0.551928234769441,0.642349801335153,-0.040950218480098194,-0.575640192903809,0.7376761075317202,-0.07055390391725076,-0.3442894454783009,0.42739268186062435,0.020081095656928987,-0.4587713952942344,0.6289256603715457,0.00513138402004478,-0.5157046022248664,0.7408291285801186,-0.02624438780907149,-0.5549702349059242,0.8300634252510563,-0.054797339615598836,-0.25539678642095986,0.4726757294175087,0.0039733746232809754,-0.36158635422962665,0.6664676068544676,-0.018674084330962782,-0.41944505971799245,0.7633243590599174,-0.04418811724421891,-0.461005931537231,0.8383709660133633,-0.06344757005435223,-0.1506863511041135,0.48942303148608685,-0.01754359047850431,-0.23744194245086678,0.646137408594555,-0.03953664760382742,-0.2894762017525694,0.7266163703542914,-0.04984468587506183,-0.3372137911256035,0.7893154247021023,-0.05772500427656486
OPEN_PALM,0.0,0.0,0.0,-0.09273348981681274,0.1609335006514421,-0.043489179849563374,-0.11021300376760668,0.36590487467092636,-0.060752614408498384,-0.09363108895012098,0.5465535063992694,-0.07770310256860807,-0.12585963166563005,0.6768606015840674,-0.09661084139658026,0.002055101773018594,0.503030310035404,-0.02985735649094675,0.08320523527772876,0.7094485496564851,-0.08398503939569119,0.13300415912655147,0.8393297017487116,-0.13043012486901587,0.17789386788757194,0.9449324023173525,-0.16294264657696078,0.06955077766074973,0.4791602275154285,-0.04028613388731538,0.1708391917658777,0.696134602711173,-0.08371269180895517,0.2291700818446037,0.8357538317745623,-0.1227270486717201,0.2772775758191452,0.9483577243155441,-0.15406093819946937,0.12473016630079442,0.4257054360331672,-0.0591320713489763,0.2276363616414928,0.6237411399726809,-0.1011526069184009,0.28642422882537805,0.7537640022042199,-0.13158767830089085,0.3315528639288092,0.8592454110837289,-0.1539303388461693,0.16819312315741083,0.34435375921921263,-0.0828943030563845,0.24327059625134692,0.48368205076361204,-0.12324643664916617,0.28642981596348716,0.583720164944254,-0.14564094329648877,0.3217931494955149,0.6751623147675613,-0.16073090176822905
OPEN_PALM,0.0,0.0,0.0,-0.13698833627448223,-0.09567442713103216,-0.0812242516920467,-0.21052998054694375,-0.2606912746125502,-0.1197361908344684,-0.21869812974516198,-0.4139185898983557,-0.1520433116387151,-0.22651937816503778,-0.5521487954881049,-0.17810981272183757,-0.12410870621248501,-0.4989633930382538,-0.054804448977266655,-0.12629746786223972,-0.7084631428009144,-0.11209194935748497,-0.1249227702276249,-0.8364055875129193,-0.15926471944371753,-0.12116810608696678,-0.9435483815481952,-0.19221070861547557,-0.04306724295884242,-0.5081943952031632,-0.05077827922362326,-0.03856232522577662,-0.7273738389293714,-0.10120514030654529,-0.039351408460402776,-0.8667150100162574,-0.14329016123942565,-0.037934786887493764,-0.9842800347349583,-0.17249279743209503,0.030006143752599725,-0.48499445755164977,-0.05855912726866901,0.03827697075108661,-0.6868365226302906,-0.10276904282559489,0.03816021767720524,-0.8140343929152464,-0.13562390120439122,0.034246235023965635,-0.9183288874128236,-0.15719006939558447,0.10356978771545323,-0.43341503250041447,-0.0756644006921542,0.12438881547797351,-0.5870908320406092,-0.11064445086062527,0.12243125812158376,-0.6883101622686925,-0.12993523597960271,0.11593655707055915,-0.7740384652234623,-0.14212239465487447
OPEN_PALM,0.0,0.0,0.0,-0.14333343357382075,-0.17623062206930484,-0.0646409027002663,-0.31900523036522693,-0.2543325855427355,-0.08223488045302854,-0.4785387032171437,-0.22189838063986617,-0.0966204396612498,-0.6003239993720382,-0.1866414780587469,-0.11102768561235954,-0.5088184432628557,-0.05913674168994649,-0.04162422305624521,-0.7173310650352337,-0.047067938017312225,-0.09443894470518571,-0.8367490935806131,-0.023977526834700644,-0.14047066965454086,-0.9358114930555752,0.0037745602401888264,-0.1727529742083536,-0.5105344819480843,0.07380314464197772,-0.04685156219787137,-0.7354927849500265,0.10098505921699642,-0.08996775818474576,-0.8694970407029355,0.1205078360669645,-0.13011599935001297,-0.9775750959493348,0.1367549578481687,-0.16014060473095035,-0.47303580864523115,0.18825041251748043,-0.06262574192896891,-0.6847726334559979,0.2311313949886021,-0.10542692548497548,-0.8076349164652643,0.23899315683854,-0.13485008576100999,-0.9103057494635128,0.2379365441752614,-0.15527237552647546,-0.39661087989851884,0.295073024673806,-0.08578079417047914,-0.5598018841789418,0.3502500601077439,-0.12995806973077415,-0.6690944647717063,0.3672581570794725,-0.14993213576026476,-0.7707034518356474,0.3723297894718357,-0.16129377039790516
OPEN_PALM,0.0,0.0,0.0,-0.12426338784178372,-0.2326120545648217,-0.012250024520797943,-0.2960725838850733,-0.3369390862329568,0.007783208576521092,-0.4782291408545303,-0.3050638526713156,0.024895766427597492,-0.593895142910174,-0.278532769695955,0.03933156221209228,-0.5391019244650789,-0.14970647412950555,0.04965116284096182,-0.7555517112693829,-0.1459572401679411,0.035980015644842885,-0.8708847560697678,-0.1286103113062948,0.009889048183348575,-0.957347793887945,-0.10425176610588244,-0.009545181659227514,-0.5510680955519293,0.0030142813610452607,0.037007744907219704,-0.7861796763827529,0.0026461028532321082,0.029104990224708308,-0.9099609802598795,0.005722030645820466,0.0008117484329085902,-0.9996989662746376,0.009829057835064027,-0.022480357014422633,-0.5214149053977614,0.14025634966531167,0.016497516540113454,-0.7452192445350092,0.1466439252387269,-0.004096180397714383,-0.8615737795760533,0.13842809686220978,-0.03525182388149027,-0.9527016560890377,0.12674099784045648,-0.05736046374182758,-0.4561413870491245,0.2762120846063541,-0.005194970639122381,-0.6424121411165297,0.307362972597364,-0.03355262943507214,-0.7499185283582325,0.3112988828932955,-0.050851115215096644,-0.8449487570377472,0.3013046954082707,-0.06070355378982191
OPEN_PALM,0.0,0.0,0.0,-0.13835875972570374,-0.20725295115575115,-0.0541439641166352,-0.3139136428642867,-0.31893107133785065,-0.06397259951082492,-0.4866083637674184,-0.29789908701418055,-0.073087909833542,-0.5954906570295255,-0.23890614420118841,-0.08266032039419777,-0.5406998414237629,-0.13137144343563165,-3.170331850351993e-05,-0.7532324274008455,-0.12660082730658773,-0.04724167791053868,-0.8648575762368645,-0.0996603413449591,-0.09696220261649124,-0.9465843031712153,-0.06678601173059183,-0.1300043232355951,-0.5499264042805628,0.009020304997250383,-0.0059135983263858384,-0.7737785929569335,0.020052286720768028,-0.03677722525279569,-0.8976997745001138,0.027641966001121298,-0.0790708309482849,-0.9929350297370347,0.036961147023686296,-0.11275593257921036,-0.5186429214593455,0.1324627112554666,-0.02399377174882306,-0.7270113932513688,0.15455288807595638,-0.055873729081779816,-0.8481413225075972,0.1528241124659733,-0.08689118428437632,-0.9425254418526995,0.1463118681864991,-0.11006155540821404,-0.45210967635754873,0.2532262704957269,-0.049316432835843964,-0.6218288163074844,0.2848646504436996,-0.07717766807838708,-0.7285030503820844,0.28373173894055126,-0.09031241073960397,-0.8211081457669807,0.27281782631741297,-0.09952265377456493
OPEN_PALM,0.0,0.0,0.0,-0.1851200079309601,0.10698342821011327,-0.07322855367372322,-0.34637032744652835,0.07918044869180293,-0.10628531790217181,-0.45481708892454265,-0.0326575087065647,-0.13090321978755742,-0.5412084324131046,-0.12010300985251351,-0.15200594067070253,-0.4524241840558166,-0.20754934435001124,-0.06489106373878759,-0.6045205054044233,-0.3612548835655519,-0.10566321295791581,-0.680049736466622,-0.4575339752338982,-0.13434819893479805,-0.7295531582665322,-0.5358404945667572,-0.15387708733985508,-0.38128070590961977,-0.33151513094361246,-0.055701604059521244,-0.5627170435785422,-0.4949411069895028,-0.08726167291262765,-0.6642166980770097,-0.592097076799197,-0.11315959476414136,-0.7315176883871365,-0.6688254045843274,-0.13249320646490126,-0.29166778559289,-0.4085595714076318,-0.055897894407769724,-0.46831241595955275,-0.5672185522298858,-0.0901240271452418,-0.5728125206578834,-0.6490450363233957,-0.12294035342583891,-0.6525525969667612,-0.7122446389075944,-0.14398712757326787,-0.1889044496264504,-0.45320910505894063,-0.06263058564287925,-0.3169253889610067,-0.5924962521911242,-0.09569581560124536,-0.4066997230623635,-0.6613515873738877,-0.12020689624145307,-0.48809079699756003,-0.7119550332183573,-0.13400868029557872
OPEN_PALM,0.0,0.0,0.0,-0.15550052527457256,0.17653492987026134,-0.08806328261181262,-0.34257365873412665,0.25807801833525235,-0.12547293492375605,-0.5082106591904989,0.21757256453973176,-0.16084023942183584,-0.6450325543644381,0.16687803973550383,-0.19090510674201794,-0.5435425355840455,0.03511097392053456,-0.03169099430872048,-0.7591480161974321,-0.012085409843930237,-0.07241672322385995,-0.8596313434429498,-0.050308204751659945,-0.11237200892821803,-0.9434167549819976,-0.09303772123907854,-0.1464828009734404,-0.5394245045730669,-0.10927257143287306,-0.025876345077423396,-0.768294282339409,-0.15895236717093106,-0.05620758294439801,-0.8837773467899455,-0.1870642440240204,-0.09559941270343646,-0.9686854569975826,-0.21001795183006078,-0.13244223386250606,-0.4968324039432731,-0.2276599626295226,-0.03580620570186574,-0.7150903069233371,-0.2804667284344977,-0.07160547889295325,-0.8289985337904522,-0.29570916574924333,-0.11003446703583535,-0.9154834817045058,-0.30091811569677845,-0.1406418399389465,-0.4180548929514403,-0.333581513180715,-0.05644683839785561,-0.5917285357592975,-0.3904500287579461,-0.09218861036779179,-0.6995226459056603,-0.40039721452185045,-0.1187974503490516,-0.7925671083000184,-0.3966253529462793,-0.13992953687749543
OPEN_PALM,0.0,0.0,0.0,-0.1582765884801699,-0.2477716057389571,-0.005529613909730599,-0.3498715172087661,-0.3754819487372067,0.0034556957370564505,-0.5480242572581462,-0.3444270954000613,0.010549905850572333,-0.6470152119590667,-0.2257533141181518,0.015104270418019388,-0.5842275499052701,-0.14629291056464186,0.05920158340852465,-0.8216328099835744,-0.0783613138240906,0.06123141455474995,-0.9243274083933796,-0.0364241917025816,0.03795270779120417,-0.988281211972499,-0.0015607848569576907,0.01997652960088565,-0.5758704962258023,0.02485516914696845,0.05248934497775025,-0.816284269559406,0.07994966314145684,0.0728930646234432,-0.9257558148333822,0.09778720436383045,0.04955342803864143,-0.9935459472360927,0.11116850393256267,0.022539176207911335,-0.5330745820631088,0.1641053792458372,0.04240544877754228,-0.7588963664542643,0.21079075761755486,0.06760681259572664,-0.8773585262876964,0.21436386309599292,0.0527030893497256,-0.957477563262373,0.21110772974364364,0.02976041310222769,-0.45944718636934806,0.2815300572606658,0.030060423405017436,-0.6384241095580494,0.3423814213981144,0.055729721733120526,-0.7401951643639022,0.35707178364432934,0.06844354635957114,-0.8187978876555764,0.3619782575970499,0.07109308427329496
OPEN_PALM,0.0,0.0,0.0,-0.15135532916295047,0.19366811867883105,-0.051098272776357416,-0.33735590490398226,0.2813263444565174,-0.06655110637909646,-0.4942196714313943,0.26941564383522715,-0.08681086073980025,-0.606801204999527,0.2696718804154827,-0.10479018154698477,-0.5440436898344527,0.11198901690337149,0.019526695043328844,-0.7517501733922535,0.11439105228078934,-0.016589882131448963,-0.8676127603847321,0.0993710286728071,-0.05688246569268246,-0.9624443121875083,0.07927373970399786,-0.08997244730700431,-0.5515797066492013,-0.023298785722179614,0.009021270998260398,-0.7774834500434982,-0.028674155324887207,-0.022317754523306022,-0.9005873168723282,-0.03567465553745503,-0.060669526523109696,-0.9949899279906456,-0.04088904560399193,-0.09123118516584601,-0.521201999987786,-0.14808068571005498,-0.016107789142192713,-0.7396856740255945,-0.15791678690060923,-0.0500872113460243,-0.8628322199048407,-0.15517319741154292,-0.08275777595182382,-0.9584893192332058,-0.14764330658216782,-0.10658171785555673,-0.45161940686679763,-0.27341729164502254,-0.04974324335272209,-0.6202822269178332,-0.2921178965181291,-0.07987585481622073,-0.7288826408125876,-0.28450808389282245,-0.09905406848771726,-0.8228680763839181,-0.2704633090424025,-0.11314565032902858
OPEN_PALM,0.0,0.0,0.0,-0.16145369018150801,-0.1819216852342931,-0.03223728633684617,-0.34176422874910684,-0.280535227808881,-0.045095724730908116,-0.5160381482130886,-0.2849501141715975,-0.059574628676903094,-0.6411444180387199,-0.22519751173316954,-0.07421043697011757,-0.5675411934763283,-0.08544164031848298,-0.0004408494813511491,-0.7792818312185105,-0.05228309539225059,-0.03309338462499865,-0.8870130114813218,-0.015409242125846481,-0.07115609103116737,-0.965313739188364,0.022922618581234473,-0.09709675563376136,-0.5655721388177204,0.060625774135456494,-0.010181082279611743,-0.7859594012303182,0.09730400931027827,-0.024603411985415134,-0.9006476732058536,0.12287144190570141,-0.05204719539522535,-0.9871648317499429,0.14003801720603093,-0.07677856923068092,-0.5231112157514914,0.19465749506059676,-0.027045464550744594,-0.7338917055344167,0.23049862296068585,-0.039138419881890874,-0.8437765911951157,0.23810238475304663,-0.0539090940876492,-0.9254843302591961,0.23605254399424616,-0.07017623435854445,-0.44468410556955057,0.31928510387836867,-0.0485674159920809,-0.605740010555885,0.37677941857987574,-0.06289173690161982,-0.7065054418503717,0.40061746344247046,-0.06552256698091952,-0.7923286294027458,0.4124503618802255,-0.06714139527985033
OPEN_PALM,0.0,0.0,0.0,-0.17646015001613904,-0.2152591692165595,-0.02061213761144422,-0.351109474288938,-0.3230002144152028,-0.00967919527205368,-0.529463003211439,-0.310804550877567,-0.005586048241572909,-0.6444956302421742,-0.239386759205726,-0.0005204578476486234,-0.590287777544511,-0.10128899955121184,0.10284474861594578,-0.8005663928174593,-0.08421371621069086,0.0962286446806729,-0.8962937876185894,-0.05480479683072006,0.05930873494339675,-0.9654267869077203,-0.02481339854826652,0.03235094946006124,-0.5925304410948642,0.03782146444633285,0.09483227197877928,-0.806334242272256,0.06266563616027941,0.10789271099470864,-0.917268003410204,0.07542908303175737,0.07192264634212409,-0.9960089792968561,0.08070990567881545,0.03810543642777703,-0.5596729923189702,0.1610482299888057,0.07441667206596142,-0.7596965883318837,0.18709587203243108,0.08173459881440547,-0.8662640610818757,0.18353558260665787,0.05670168233034386,-0.938289069964538,0.1735917040068073,0.032596783519950226,-0.49262770816287965,0.2807662557647807,0.048138959723870896,-0.6585381443967456,0.31464677409669634,0.056646314817616755,-0.7492330209864694,0.3121455791005402,0.05942568909664557,-0.8213437616974709,0.29881038708047686,0.05857554584402439
OPEN_PALM,0.0,0.0,0.0,-0.18291370765182954,-0.21747899327604545,-0.02997189922156666,-0.37486269515599596,-0.3068386961424617,-0.012693496416137652,-0.5558074202872063,-0.2367908103630644,0.002434693611955125,-0.6618097627487842,-0.15150227484146847,0.020447579866562763,-0.6000280486329302,-0.0786713447701987,0.1201327830818897,-0.8006354785364702,-0.03291757293379721,0.139269517281668,-0.8984971642633084,0.001672374725240347,0.12197228016414344,-0.9646977921216302,0.0330557895909781,0.10754543854885257,-0.5955980916058825,0.07813455529075762,0.12512617200020523,-0.8048730560830263,0.11377993658242405,0.1656928974605203,-0.9099893993347532,0.12821776294898438,0.14754543474140863,-0.9821304167863284,0.1382938431063265,0.12765052832634752,-0.5513151838177924,0.20170196378757918,0.11624466891008904,-0.7473707122974214,0.24802585006819658,0.1445462171783284,-0.8429211907482828,0.2510508515545496,0.12880916594092984,-0.9149383517148517,0.24815790121667206,0.1106289245679413,-0.4684006423032303,0.31123909384770976,0.10042097861760695,-0.6211179125817355,0.373955819065402,0.11937085497918347,-0.7126188615015561,0.3945181808200313,0.12505624420526787,-0.7907403833751769,0.4023134910228538,0.1270987445638681
OPEN_PALM,0.0,0.0,0.0,-0.11713577877135124,-0.21035886700302828,-0.0712100168586447,-0.25899357572701,-0.35088758674185955,-0.09556020802987021,-0.4168174491664398,-0.3574630986452524,-0.1174371902133654,-0.5293642440143289,-0.29444883201124405,-0.14092944792337694,-0.5105590895686509,-0.17810924809212525,-0.030034475907915286,-0.7218156601839983,-0.1860715056213294,-0.08561530441966551,-0.8366117161115556,-0.1744250749392227,-0.14106992051974118,-0.9322898253791342,-0.16004362436205594,-0.18028759629277796,-0.5269227420294282,-0.04434658162407941,-0.0357363360391894,-0.7495947220582071,-0.04222494038585974,-0.07793840991592764,-0.8783643781071643,-0.04239087708043066,-0.1293932361327875,-0.9844928296760108,-0.04269007299201036,-0.17015118566868065,-0.5005901413605947,0.07611078935233051,-0.05355311749442481,-0.7044297743382538,0.09042244300047267,-0.09572162549882084,-0.8304538656323702,0.08297553169542242,-0.13404262124482857,-0.9364300926869468,0.0693662506855665,-0.16261574389250458,-0.4402575523089829,0.1961440483859125,-0.07983316285249237,-0.604450134797352,0.2249431805969284,-0.11841362298483468,-0.7067007431512433,0.22419986454703947,-0.13693480010777398,-0.8010814870330566,0.2130113434352629,-0.14983690921623832
OPEN_PALM,0.0,0.0,0.0,-0.12701014131376104,-0.22588589452320776,-0.040878791800141784,-0.28864479344242344,-0.35072150437482896,-0.05100929837844403,-0.4507899767108896,-0.35306025844860617,-0.06391495040835812,-0.5682654821470214,-0.30561341805577436,-0.07963603721758357,-0.5332235619178168,-0.17898961034780683,0.009226746194184648,-0.7495225695157537,-0.17438447148673666,-0.031668425994644006,-0.8571125149781594,-0.15646891554741163,-0.08101971225482216,-0.9430136953346522,-0.13599721580811278,-0.11706715685937938,-0.5446267629071334,-0.03487417428326915,-0.006899953465697055,-0.768689719497815,-0.029419066256110297,-0.03195828850526989,-0.892674232716372,-0.030770335426141535,-0.07762673251735604,-0.9926206567523443,-0.030968910547185965,-0.11723974738997486,-0.5133074215306522,0.09790077614245922,-0.033776097784308366,-0.7238989094323098,0.10854335972348851,-0.06324061064869708,-0.8427911475897328,0.09635818992003777,-0.09864738535698007,-0.9391580753788301,0.08112230588118013,-0.1275758889704215,-0.44754364695524873,0.22806394931964577,-0.0660119553034348,-0.6244813731078347,0.2562901555157702,-0.09726882796280957,-0.7290373754060929,0.2561095493996464,-0.11240695709156469,-0.822528592974373,0.24604817504444199,-0.12403636495115904
OPEN_PALM,0.0,0.0,0.0,-0.09818207343803946,-0.17724860933569003,-0.09549574761199772,-0.2247156262402675,-0.3149989141659728,-0.1395283052959343,-0.37408112392921083,-0.32845660928058346,-0.17495915246165036,-0.4686033776506586,-0.24465260495949998,-0.21094357011266082,-0.4884161692757833,-0.1436364257145027,-0.08283326675146105,-0.6885718262946812,-0.14901332740640783,-0.14587093967497672,-0.81242967696803,-0.13719648249703528,-0.20210539173531725,-0.9171988423034364,-0.1233598517415647,-0.24318936569100033,-0.5033858031813009,-0.003981004016485421,-0.08162899063069079,-0.7296024779596075,0.0009738352436969016,-0.13447798960829602,-0.8644185630793748,-0.0014293152934705255,-0.18389831318376912,-0.9751274842285961,-0.007768936181488094,-0.22150853963812991,-0.47325558251535377,0.11544863015099541,-0.09124319071120077,-0.6739396339086496,0.13034531499423993,-0.1420672018798149,-0.7971997885984411,0.11527501138278548,-0.1786560372494065,-0.9011342082355511,0.0940603124690157,-0.20491870705952725,-0.4064548061612448,0.22567660855394486,-0.11099901259245508,-0.5650212301240967,0.2570169152124076,-0.15836945883364248,-0.6686894898968561,0.26033957131070284,-0.18010661198388234,-0.7658117871483112,0.25243550567576606,-0.1942805626770685
OPEN_PALM,0.0,0.0,0.0,-0.18212609296118454,-0.12450147848922884,-0.05243584151619518,-0.36357472457240503,-0.14985016838369414,-0.05824151624068211,-0.4981896365159059,-0.05245134774448272,-0.06333168119693822,-0.5740773492524892,0.04516122805353098,-0.06863093432436275,-0.49908416622963364,0.13144941179679792,0.007034428514741365,-0.6683687042706125,0.23102205114930893,-0.027203483413675535,-0.7678296743655791,0.30299597817994206,-0.06897005688380257,-0.8442408200472795,0.36669879184416015,-0.1000687071112595,-0.4624896749271412,0.2543763697862892,0.0039568296105552524,-0.6526187254080233,0.3751719750873629,-0.02173966998660057,-0.7689195584815223,0.4474424517749744,-0.06096042842185741,-0.8592729734607508,0.5032007699554274,-0.091863715340634,-0.4019168424274051,0.345004923280756,-0.010101093474274262,-0.5807287329030799,0.4665404776898836,-0.04090027717748167,-0.6857756418725173,0.5223305741372786,-0.07186932498021728,-0.7703020734098657,0.5633535379422572,-0.0933874244578313,-0.3088203431211268,0.4166812318786167,-0.031054476315111264,-0.4501075154690614,0.5290547414194414,-0.062262513518469016,-0.5361997569834263,0.5859632761094095,-0.07740444356568271,-0.6140572947600921,0.6325473653775079,-0.08630845033145146
OPEN_PALM,0.0,0.0,0.0,-0.1595914872904303,-0.21960265026629533,-0.02476377876710684,-0.31907166913153884,-0.32984628858229187,-0.010170889607522713,-0.485570541399817,-0.31657396595618015,-0.0035303121099658254,-0.5891033577901135,-0.25438589959864066,0.00284776582928124,-0.5676974376229537,-0.11997111951665597,0.10487293052547124,-0.7680105645129707,-0.11238726863059682,0.09421223798227545,-0.8706045468570242,-0.09210874224057164,0.05604779383902856,-0.9474079376103542,-0.06716224167548018,0.02677759391210766,-0.5759455271208606,0.01774069545114602,0.09203589038679934,-0.7917604203406139,0.03156398746188297,0.09035512808128342,-0.9094927218930998,0.042716393317857156,0.04793649721918915,-0.9984102509400189,0.05486765812949549,0.012903910619387506,-0.5433657477504705,0.13865694792429287,0.06458878266346281,-0.7498250548410832,0.15838543124002344,0.051362187346819826,-0.8622985073848366,0.15839728801225478,0.017155481669438928,-0.9506271994808166,0.15846405646088252,-0.00812184194605755,-0.4728623047126113,0.2597483842071578,0.03121786248171232,-0.652885085492785,0.28802159864105814,0.013843300451828827,-0.7616102047576656,0.29385186996651497,0.0016169314117395065,-0.8606082503984323,0.2902030224171458,-0.006509736025411874
OPEN_PALM,0.0,0.0,0.0,-0.18960639198400112,-0.1702173120642911,-0.06949832125401412,-0.3926289660560487,-0.24323044558416393,-0.07446469968466053,-0.5746096039547064,-0.19502754325147822,-0.07598636423395855,-0.6877054979819137,-0.1266490652416639,-0.07278284655264718,-0.5699996424343488,0.014745906546115458,0.05064312555067982,-0.7707456807216957,0.07441608034613706,0.029027156682762335,-0.8665778189997444,0.12012746852175804,-0.011920903250963438,-0.9340559041319217,0.16362124264759756,-0.03959904756352692,-0.5493548418801354,0.15365948402387522,0.06281848349721883,-0.7637615014953525,0.2141852342360482,0.062317106615743044,-0.8770885109483202,0.2519807920928777,0.028139479549228637,-0.9599253980735238,0.2802555665914341,-0.00021800894771184965,-0.4996469346498268,0.2652889770487515,0.05848115221916775,-0.6960075626174662,0.3281862880186512,0.05304404460984873,-0.7999717989880314,0.3522502683999891,0.029980700735818534,-0.8781106545726468,0.3679680709901222,0.011648363376954348,-0.4145059654381201,0.36599763127396034,0.04392562285354076,-0.5758543842140259,0.4305685070648524,0.0377163689610399,-0.6711259064094355,0.46200583144693314,0.03562313818572673,-0.7543044067497572,0.48239556496828706,0.03458757550746355
OPEN_PALM,0.0,0.0,0.0,-0.16984365164060114,-0.15861355061988852,-0.06692081856120358,-0.36494864719065473,-0.20276092487778863,-0.07340373486101404,-0.519390317907835,-0.11848209813749262,-0.07549581205348499,-0.607831113070533,-0.034742659406581826,-0.07453027962013493,-0.5454042451116722,0.06169226973470082,0.015230491085753842,-0.7299373013167181,0.12001634277775668,-0.01604371840071213,-0.8293357958890609,0.16873691343235725,-0.05794382346846836,-0.9003058675798995,0.21477639584462768,-0.0868678572871937,-0.5263640617069372,0.19668800992454014,0.021603865221131675,-0.7372792139438874,0.264511219437594,0.004010227445135195,-0.8542810226517901,0.30654154088543006,-0.03041790527706651,-0.9384444889507725,0.3408242354029621,-0.0562208299468246,-0.4761060957428361,0.3007907818616081,0.013808024436398796,-0.6736519410059408,0.37253552435095766,-0.00808779500429136,-0.7774464068304342,0.3984843705433795,-0.035550253158473266,-0.856391281831313,0.4142533387939038,-0.05385380763426697,-0.38765847413012583,0.3922716446427637,-0.002565801796940368,-0.5437233302545573,0.4783967635556167,-0.025422328439505915,-0.6385773126480399,0.5185338609870612,-0.03791594628244677,-0.7260526246065945,0.5456781235989444,-0.04484992518974053
OPEN_PALM,0.0,0.0,0.0,-0.17021008094720955,0.19235494147492324,-0.03617498456068373,-0.3677784268167728,0.2667402921853488,-0.03450264255016676,-0.5326043147342024,0.23991504953962337,-0.04334127030731452,-0.6583607860978228,0.2131396458831539,-0.04971891942418697,-0.5754692735729631,0.0604185672927405,0.09129051859406934,-0.761784731603815,0.04271614506660837,0.07529823514279292,-0.8545966202255414,0.01614317384798105,0.03554501029624995,-0.9383349121207668,-0.018711332135620713,-0.001326029032611821,-0.5812612761100676,-0.07731042472271049,0.07641322870335435,-0.7911990526067443,-0.10719360140234413,0.07158178588344981,-0.8982027472431492,-0.12502730145996444,0.034542654389647424,-0.9896686315571567,-0.14336277553904453,-0.0017647383733515082,-0.5508756661630846,-0.19979483898747105,0.0433905527921181,-0.7540316483439673,-0.2306111562490119,0.028810678937651473,-0.8686721352652893,-0.23596471631978705,-0.00044258752188766235,-0.9668385069020363,-0.2372967885643719,-0.027392634427647312,-0.48250039653005294,-0.3212666076160351,0.0009030724843647666,-0.6449099724630876,-0.35412768587857596,-0.011399396443259874,-0.7442077418956163,-0.35242037087361416,-0.02111367030016555,-0.8352647179591497,-0.3419160347677138,-0.03325555534132874
OPEN_PALM,0.0,0.0,0.0,-0.20010920547235297,-0.08427721470761945,-0.05709776512691635,-0.3938131959265583,-0.07688575957708658,-0.0631897794589384,-0.5197026186815125,0.03467820567907755,-0.06894507416133375,-0.5985811458999339,0.13739475408201754,-0.0708093420510433,-0.5164982584798629,0.20996665523967836,0.03420488225260811,-0.6721117698965403,0.3298571371155481,0.011307441484939418,-0.7491284117917225,0.40805001099832877,-0.02559248620357485,-0.8115359667120408,0.4731016341211377,-0.052128399684153004,-0.46777112637313717,0.3246052814468852,0.036847200501105154,-0.6387373484072629,0.4563144322650514,0.027544445071024833,-0.7335895652227277,0.5312317866276063,-0.004388936202726379,-0.8090267682032556,0.5869532137271954,-0.03100988916318343,-0.3986497510893927,0.41109952081090917,0.025716709867191462,-0.563755845496435,0.5394151958985003,0.013094258848229495,-0.6561949989908953,0.6038064044587595,-0.009643831355252614,-0.7278767952239519,0.6479369250162734,-0.027415029055652504,-0.29894020970407076,0.4799799008654854,0.006051207508064779,-0.43106247016234567,0.6057182415204083,-0.007029696540303045,-0.5149614976294286,0.6736596165275164,-0.012493138489074745,-0.5902029248492431,0.7258257943717871,-0.01586354440362126
OPEN_PALM,0.0,0.0,0.0,-0.17284205135660055,-0.040810147155723835,-0.09009638364060074,-0.26882852339531405,-0.17270047972169364,-0.13329311700928667,-0.288770715194199,-0.3249125042567099,-0.16577784364631823,-0.31622231178874577,-0.4556113508598661,-0.1936336982792703,-0.18722514394859358,-0.44979357710841744,-0.08745783642180643,-0.21523926822393966,-0.6604766024322718,-0.14780154405033472,-0.2313285574381053,-0.7914437014414222,-0.19418115438188321,-0.24210610927057757,-0.8971879179982007,-0.22439043414149995,-0.09296915654294303,-0.4799161681863073,-0.07462095402310795,-0.12265749099754811,-0.70786992096835,-0.12364486732603157,-0.14774209081648773,-0.853111756235194,-0.15939210271163123,-0.16906381994821967,-0.9684545802386831,-0.18306597389802395,-0.013169812476550137,-0.4713644029232687,-0.071931151692046,-0.042708154006758065,-0.6873031080322526,-0.11408306236010822,-0.06664283216723509,-0.8174895571199441,-0.14294602008748544,-0.09186014861711117,-0.9209938552438096,-0.16031595069729765,0.056930157812235885,-0.43708740541118457,-0.07836315098676017,0.04312415847900173,-0.6040499148457835,-0.11391274810517076,0.02110367917681916,-0.7092389045821791,-0.13312366114759125,-0.0020133749027633143,-0.7971769370121082,-0.1430713183936671
OPEN_PALM,0.0,0.0,0.0,-0.13101614712270232,0.1844026799668876,-0.07686481104329623,-0.3164494604574576,0.28142476886638335,-0.10703168973234183,-0.481044181678614,0.2681781213319404,-0.135055575261629,-0.6104971530395334,0.24846754526663772,-0.15739000975066106,-0.534247011895686,0.10133448797431743,-0.01795412698580557,-0.7372961401239336,0.09057523296119531,-0.06334153296130962,-0.8522117989205337,0.06732213221917499,-0.10740451151537359,-0.9457405521151477,0.042381371251239135,-0.1422599796455579,-0.539996456255871,-0.03378030630201461,-0.017317176453495113,-0.7650838133201808,-0.056104213968280234,-0.0537194140529349,-0.8892694305242627,-0.07074285198664602,-0.09124745587165997,-0.9890544467460713,-0.0833144048072383,-0.12177853391890772,-0.5063529986498201,-0.15343491103193244,-0.032286522982677604,-0.7166771183935651,-0.1814590740865471,-0.07134850231295184,-0.8367247372665484,-0.18736194210363347,-0.1031254824687215,-0.9374983944032255,-0.18799179061926616,-0.12617758788477498,-0.4313695213799417,-0.27145353266587907,-0.0571816573513001,-0.5919945968755518,-0.3093893692438177,-0.09121323412783017,-0.6942485166899678,-0.31376722601656887,-0.11157151602811301,-0.7872325546556129,-0.30860491041126265,-0.12612625526903026
OPEN_PALM,0.0,0.0,0.0,-0.06453583773910315,-0.21128549762683466,-0.08882710750477156,-0.22874531309873555,-0.3641075880476768,-0.11524846534345277,-0.41697807929099384,-0.4284597034924782,-0.13366104037888304,-0.5260366873834604,-0.5188177580815942,-0.15283937891409186,-0.4766935282984204,-0.2465828680317213,-0.0503117246801818,-0.6879629247446942,-0.24930120852067073,-0.11071397551545506,-0.8050582456294536,-0.22513638378117154,-0.16802038318276113,-0.9070972743307824,-0.20169388847445216,-0.20953443587396683,-0.49916492887372116,-0.11548232026438504,-0.04617524491718466,-0.7298095224067918,-0.11401855411550006,-0.09407187146987346,-0.8623987499144178,-0.09898857562613184,-0.14883498236503015,-0.9771542521816211,-0.08642117181378693,-0.19416732090058011,-0.47755006168886677,0.000332894996556186,-0.055344223817027464,-0.6900262642668916,0.01243834729091899,-0.10653733545490826,-0.8116794546350539,0.018264874499940676,-0.1464566712192665,-0.9197826985612533,0.01682248050632693,-0.1762316558328473,-0.42463029918585404,0.11240114728970375,-0.07332495468904728,-0.5885128505749695,0.12369865799173202,-0.11816914125615018,-0.6814671896448964,0.12115837761721965,-0.14033584449062111,-0.7698869256432282,0.10727026520399029,-0.15687464978572507
OPEN_PALM,0.0,0.0,0.0,-0.15039500053843569,-0.03312682659388805,-0.07112750679910222,-0.25002381519310884,-0.17669876575632587,-0.10263013920771137,-0.28178417417862217,-0.3213232383740075,-0.13028577601008834,-0.3187684372293735,-0.4376092637250358,-0.15414791908824613,-0.21837742667406992,-0.4275755188396837,-0.05771122080661318,-0.2704780167694697,-0.6256299056854704,-0.11517460266870422,-0.2970221286203092,-0.7519155510438076,-0.16132019907865258,-0.31356706220983394,-0.8575650322883863,-0.19369530283318676,-0.14354775356926158,-0.4636782777592351,-0.05944413972468666,-0.1947026759278203,-0.6789786122749958,-0.11374677838235916,-0.22577107662576304,-0.8262157179503706,-0.15573367677051872,-0.25029254400617823,-0.9505568342549046,-0.18383510890526147,-0.06897664911965862,-0.46706569647839014,-0.0715302917168146,-0.1079223748206532,-0.6706115014010005,-0.12164341136656921,-0.13426762734982137,-0.7989288102104745,-0.15672438419267348,-0.16227697385088014,-0.9028646851196588,-0.1772427125625092,0.011595316974448398,-0.4456125967729008,-0.09149658484270669,-0.0043286689960551844,-0.6108046156265927,-0.13414432603497836,-0.025898831389977416,-0.7204331607250732,-0.1580374373479299,-0.051475114579939224,-0.8144878403655301,-0.17172994342930473
PEACE,0.0,0.0,0.0,-0.16434048925805586,-0.10892197407727813,-0.0498242758247896,-0.35813168755833424,-0.08743669639450707,-0.07021248372743613,-0.4724117786319704,0.08593570760368745,-0.09868200832626546,-0.5160859151520035,0.23182014731617775,-0.1271684588089616,-0.5211430074767874,-0.03163587471262128,-0.001348275833900963,-0.7165258261570014,-0.034413129178271856,-0.03672776159652378,-0.8285009900668968,-0.02734715408737303,-0.06885612256191279,-0.9248799092867563,-0.018903851347465625,-0.09667362476213824,-0.5063039053780453,0.1083527663519587,-0.023930965305217187,-0.7220764824235502,0.20654149833115001,-0.07880268105696063,-0.8373571857073495,0.26846697634398625,-0.12750355842092276,-0.9315694508411088,0.32738079812958554,-0.15811442462859152,-0.4395417826382129,0.21041944032309512,-0.05444138913646956,-0.5774045984663255,0.3075680467865521,-0.14324694436508725,-0.4658826864694435,0.2259896560341935,-0.17024619577775463,-0.3740192312906301,0.16238310064521783,-0.16547148733502617,-0.3402207430915269,0.2815737418318945,-0.08820508002054468,-0.44884070583918445,0.3558149674817535,-0.15549649194557058,-0.38403437426582937,0.28415944368540086,-0.15752450883022756,-0.3133968936384591,0.2037244486576294,-0.1460632070613566
PEACE,0.0,0.0,0.0,-0.1863407744786367,0.08976736305155612,-0.0842444761168877,-0.36346452643074745,0.2302844686471972,-0.168566485160532,-0.47543186818026517,0.2993088101325277,-0.2662797235149028,-0.5967946950768629,0.3044281074804016,-0.3713566726883846,-0.2582495080949778,0.5943702896854173,-0.12930092694657114,-0.3260004084071152,0.7426857596585008,-0.2723798504944635,-0.4195717381210761,0.7676537707311506,-0.36184203515083047,-0.5224579655394526,0.7461209656302974,-0.4127240953606764,-0.06796314050766955,0.616555241351991,-0.15157880850139066,-0.17051957113098343,0.5386019176054997,-0.33364952900226175,-0.23860345982007106,0.31335841956734906,-0.3853472046126389,-0.27586012502100266,0.13862436455365515,-0.38390776793564063,0.10441366531679912,0.5632185887053449,-0.1854490058456025,-0.002643427698489155,0.423563742149698,-0.36651235006752303,-0.07789454544672615,0.2001394457875375,-0.3624639281799071,-0.11766059190686344,0.03364871485946319,-0.3145481108782335,0.25198017740690193,0.46238561230139014,-0.2254669046868886,0.1613980300959312,0.31717049816705173,-0.3562164398803751,0.09452375094228264,0.1303656144889117,-0.34859271487435034,0.05425901981219192,-0.006604313803705951,-0.3069305695621161
PEACE,0.0,0.0,0.0,-0.12435889749600003,0.10914058363490672,-0.09190014109940162,-0.19652361834055052,0.3074444588144637,-0.09990210761709645,-0.1655956296564728,0.48343802774283146,-0.10271129997132024,-0.12480231037176463,0.6064860274153568,-0.09749724854762805,-0.25919457061164913,0.45740445043505323,0.0052192657145774275,-0.33646298268512664,0.6392290103526714,-0.027869630112664225,-0.38162979469388575,0.7588173346412973,-0.05420602524534871,-0.4109148605021935,0.8611477693933592,-0.07111290532881705,-0.1505138419117734,0.4834768994320797,0.010875997160326856,-0.14346376251668602,0.7216609418418284,-0.030468764467669506,-0.14293956495666466,0.8578966135356472,-0.06803466433571637,-0.13521821235580614,0.9873689914634901,-0.08257426804804664,-0.04285342377406052,0.4569802833223028,8.603202247268904e-05,-0.01909873488876298,0.5534183782454817,-0.10137889916571251,-0.039552656616134343,0.41395835220096316,-0.14197559090495984,-0.06677101259914169,0.3401253325857056,-0.13389777588481835,0.05203683659875889,0.4000013248631304,-0.015983752787740835,0.053597691739404485,0.4733713056763892,-0.1020455628924408,0.027580176327672616,0.36890359330130845,-0.11313023138102137,0.005115951492773049,0.29779914767742666,-0.09830994841130136
PEACE,0.0,0.0,0.0,-0.10337418961716989,0.14171679315712593,-0.09562710425198419,-0.14316835575827122,0.3571142515607004,-0.0950820454606527,-0.08503893255134486,0.5218310714311317,-0.08292703733851389,-0.026636989215623297,0.6213361078377718,-0.06279219725951465,-0.19007305344267428,0.47673447610288455,-0.0008115854428365497,-0.23086349465745237,0.7005080981604223,-0.024751012584128013,-0.24745163773109197,0.8359633533854985,-0.043652909438290186,-0.2577655905054401,0.9527741593202771,-0.05557304563767473,-0.09435567120913498,0.48553953523702276,0.017443836761060382,-0.05891218958339687,0.7227159680684447,-0.013649882402933074,-0.019079967493950908,0.8629573765892279,-0.04491534138965907,0.016294370921742858,0.9982876896877909,-0.05617990827758408,-0.0016680366969238421,0.4519976154457778,0.01927449622458534,0.04962090393001907,0.5668358382502563,-0.06664525700487596,0.024107603080062753,0.43323504444568306,-0.11006401746508326,-0.02132961769752363,0.35710130265360135,-0.10685685241833934,0.07291094662369622,0.3891340322647791,0.016031176482435582,0.10595448176155507,0.4961576390582707,-0.0554574568724916,0.071926928530785,0.40441522534098306,-0.06727400799299717,0.031577738623566484,0.3266721123203997,-0.05546620479827991
PEACE,0.0,0.0,0.0,-0.1476648807539777,-0.09528390320467237,-0.07688107939564419,-0.3291568670429396,-0.07243683722889176,-0.11959196593563119,-0.4178588426144521,0.10527699251145854,-0.1648966092664944,-0.45801091198796073,0.25748303352324603,-0.21060762639104877,-0.47905051135890253,0.04209033661421001,-0.061255328252192445,-0.6571147678936955,0.05971603938913922,-0.1360453680116423,-0.7723506631821125,0.058693931511264195,-0.18922534917242528,-0.8825196192931086,0.062379497064307635,-0.2274453544262969,-0.4515242309996426,0.18005064255486924,-0.0810219550257278,-0.6509070886253279,0.2806547228953037,-0.164166573263017,-0.7649189475996875,0.3353859896882775,-0.21582659158024267,-0.8824523956935865,0.4011581777909654,-0.2456621373473777,-0.3738914772390582,0.27837379762519876,-0.11047247623932063,-0.48018169903977564,0.39353503745978335,-0.2268696730822764,-0.3673288129722708,0.28397682122687457,-0.23317925793694788,-0.30324494398611784,0.20341266667038507,-0.20766122315857585,-0.25942570042169916,0.35532151278287033,-0.14499226032344878,-0.35169738389212596,0.4567706445040895,-0.22643652479478976,-0.2896144079056631,0.35887960717078227,-0.2101518852664586,-0.2391930617009167,0.26707769616588367,-0.18174303752585522
PEACE,0.0,0.0,0.0,-0.10427652764467621,0.05588745470481931,-0.1502670409774379,-0.24175464113116155,-0.03080796824264484,-0.1994480125316376,-0.31503770529454367,-0.2011122219678217,-0.22427793830949988,-0.3438350494815791,-0.35997140474064926,-0.24194536567185948,-0.47220452936366425,-0.0898110654830938,-0.13860435922035919,-0.6760453502091797,-0.09626356043799836,-0.2064416395870639,-0.7889323473893944,-0.09044332515718777,-0.2638083801599285,-0.8745761397282241,-0.11488171533207338,-0.30691463117811035,-0.4432358285190913,-0.2160334692741519,-0.10518496006810155,-0.6823092571108167,-0.3215545970681059,-0.14137409437343615,-0.7830720159762121,-0.39753463239778836,-0.17389052052445236,-0.8617320856302381,-0.4626052428116181,-0.20836074946727373,-0.3678920661586622,-0.31096362160026386,-0.0870311691974177,-0.505343448890233,-0.463900395752215,-0.17411023922962102,-0.43640711475741456,-0.4180077396783562,-0.21334220605978158,-0.3858499787701928,-0.3545870354056763,-0.23089750048262023,-0.2625700198961446,-0.3766308138624132,-0.07954363989803526,-0.34884076994115126,-0.49054484641120344,-0.1782743827400453,-0.28391198716909943,-0.4267200143617442,-0.20131402909423485,-0.2260792257078696,-0.3358942847685478,-0.20639784312291676
PEACE,0.0,0.0,0.0,-0.14370454221114048,-0.1417043366207019,-0.08444911453504449,-0.37213040510746226,-0.1846299808772464,-0.07557123748619066,-0.5346638634799643,-0.06708049376495863,-0.0560684820116353,-0.5867187144902336,0.059727017271725004,-0.03146058644927495,-0.43580315844857925,-0.31607477034315407,0.012889995882344721,-0.6175892883822754,-0.4337438068687147,0.013807912822030666,-0.7336643404928055,-0.49596389745221314,0.011844246325674847,-0.8383370704181988,-0.5451345897599965,0.0043858191745800796,-0.46308142848678324,-0.1931701028906173,0.026615838572657872,-0.6548140975477681,-0.19839162260909257,0.020808664406571805,-0.7708360812685731,-0.17425256088840713,-0.00197952889386978,-0.8755626713016601,-0.1684023705311433,-0.01727665050296513,-0.4482839402220135,-0.056101694121428104,0.024639399074919247,-0.5763127926545213,0.0020322003107028845,-0.03903917281112214,-0.5270948999843101,0.004124198613864804,-0.09694387362349957,-0.5046649710714551,-0.031672723909264865,-0.1157157628052926,-0.39782901151154,0.07000258507247403,0.01740892557352412,-0.4998617578703218,0.11003352214889094,-0.04751552659927921,-0.43325396630431895,0.09393538097649196,-0.07436720327802038,-0.3619532431930574,0.06537764812923262,-0.07998341186825673
PEACE,0.0,0.0,0.0,-0.08702124845839243,-0.004251925235520905,-0.13024453480211234,-0.1698418760494548,0.11399611601529315,-0.18454020161741844,-0.14297404403636366,0.3063332566904144,-0.2243746651645596,-0.12257065561126274,0.45858393198081415,-0.25796548961841737,-0.3406833718141046,0.27782429066886477,-0.11171558478641398,-0.46438980641745015,0.44219412015972087,-0.1951656694452454,-0.5507200069373595,0.5681219733283646,-0.24819610809968198,-0.6089492532866536,0.6786008277492781,-0.27721282893321286,-0.2625993815729328,0.3587595176773939,-0.10031211720262509,-0.34344267078088014,0.5847141135478998,-0.1901608374621829,-0.4042286547086433,0.7348004993878079,-0.2423471771360629,-0.43961897638194636,0.8606102732930587,-0.2570702493625752,-0.15569035125985858,0.3746623806814171,-0.10130237072526205,-0.1281323100717969,0.45928495188550333,-0.23655383755414383,-0.08839150845023576,0.3132551991765859,-0.2588440710989387,-0.06238806883491017,0.21383581445383293,-0.22621412014578843,-0.04010547735767507,0.34592447881888516,-0.11004974220281183,-0.052734832763691265,0.41880249692686206,-0.21598740282177706,-0.026804179182075092,0.32494649078964155,-0.20902855474104867,-0.0010746424516047991,0.2544784266454187,-0.17038965538525366
PEACE,0.0,0.0,0.0,-0.16215452811585876,-0.14305614096827432,-0.1159453267756606,-0.4027483129725872,-0.19204239660203842,-0.10267835784918154,-0.5665694245320254,-0.07469129409583035,-0.06482048515801561,-0.6432871537628116,0.03723482720835313,-0.018116489650057965,-0.3988100159886412,-0.3787625659248746,0.01185820640003511,-0.6015358391032323,-0.45826817412699256,0.013622692237308892,-0.7336798062898315,-0.49807355309788937,0.008228083005185878,-0.8523840395346364,-0.5229134620942033,0.0017205543496229693,-0.4370393733930159,-0.2784955542366856,0.04609649812238749,-0.6255669469500353,-0.3979735564645675,0.05910644914087435,-0.7407793836118007,-0.44443302392364287,0.04674734173574621,-0.8489752180752853,-0.486981134028279,0.042952118275750746,-0.44532128633212387,-0.1423861640953227,0.057486697261731445,-0.6356698404188289,-0.11025261661191647,-0.000179290434540213,-0.6903130455663985,-0.08834079511323101,-0.07109989451051414,-0.7595104920357634,-0.11547496494852039,-0.09832631660475195,-0.42069511081931793,-0.004791101302997115,0.061847083934866945,-0.5368143907802716,0.05249958794829662,-0.014504319907753683,-0.473838108693681,0.08689489302203426,-0.04841625062994495,-0.41452162319192565,0.09714089661753586,-0.05703446637727463
PEACE,0.0,0.0,0.0,-0.08920486237130418,0.014141311684696614,-0.11950068287666636,-0.12029171611875625,0.10885536419105774,-0.19493048805014718,-0.059948163675635366,0.2514495661902081,-0.26084126395111096,-0.022247157799651265,0.38584561451112365,-0.32118693354017863,-0.2329202578161884,0.3025633973544412,-0.16691336654440372,-0.34339406246435006,0.5096868904765852,-0.26665459386334667,-0.4051059498567271,0.6457083423123853,-0.318438454672052,-0.45314276814957904,0.7603561237184931,-0.3445024267084255,-0.13424634257863344,0.3522283479280646,-0.1658912555289798,-0.20031117613299218,0.6093558172614452,-0.27759814478616335,-0.24858883153921374,0.7680407048377237,-0.3293135512092557,-0.29038025747977725,0.8929304855714126,-0.34402682163340037,-0.02983105686718989,0.3423396296874718,-0.17275318430481817,-0.009474651541087861,0.43319798304322127,-0.30982818677335205,-0.0060083661016230114,0.3118867435318649,-0.32387982556528006,-0.019948690064437412,0.22813127368454272,-0.29020433746868424,0.06499798018792594,0.295427486369244,-0.1861131044682412,0.0780078890786564,0.3559695800544863,-0.2782648105209646,0.07551784315910164,0.26988473214112707,-0.26437271043804933,0.0642483223320104,0.2070102493378345,-0.22715060297522982
PEACE,0.0,0.0,0.0,-0.15083581776219965,0.10998933461420228,-0.09773679901339645,-0.3458676832472563,0.10898659224731091,-0.12742800792592957,-0.4626695742749364,-0.04195921203434853,-0.15333623578005823,-0.5161383887836309,-0.19791157296629802,-0.1732121546395074,-0.4925817239357231,0.0669360831909437,-0.038189181475201006,-0.69145826928036,0.10783018936798551,-0.09352101728647791,-0.8232098814912907,0.13182289035702932,-0.1315349663395575,-0.9342343327482865,0.1363043034087185,-0.15307956798517955,-0.4839078421547079,-0.07445504786858065,-0.03232009523190519,-0.7148823481746638,-0.11415584136381929,-0.08186968449406337,-0.8623817387493264,-0.14862068222239372,-0.11283692568677582,-0.9743200595119509,-0.18598141770016055,-0.12693042938108595,-0.4241461800191191,-0.19882094604471803,-0.04209317018714725,-0.5236557894865866,-0.24041070815998536,-0.14469175672305082,-0.40470472355128284,-0.166284329570672,-0.164243111736771,-0.30575986534121913,-0.10588038213285572,-0.14397740151254246,-0.3360741519919254,-0.3086768345192416,-0.058741983689279645,-0.4583833061641017,-0.35505556530726834,-0.13625294033662938,-0.3845846584692469,-0.2798787431232851,-0.12345901162887248,-0.3039551949565105,-0.20704479411119994,-0.09339511732463629
PEACE,0.0,0.0,0.0,-0.12631702232321185,-0.029585997655908605,-0.09820605597007347,-0.22170212837408537,-0.17289246289701193,-0.112026052559119,-0.23002246559490236,-0.3471854126326197,-0.11364941145121672,-0.20950927607324626,-0.4896923729564634,-0.11147372303559543,-0.35225272307572675,-0.29716610279903005,-0.04970938514733641,-0.5217874481896255,-0.4064236798067459,-0.08018258730209081,-0.6177623811298241,-0.4641006082380627,-0.10468127774849201,-0.6834006010467,-0.5324919997769219,-0.1261772347338011,-0.2736586832423231,-0.3756520302566139,-0.03518359733926116,-0.4635069410918158,-0.5603204398482508,-0.06240089023774699,-0.5653627703344279,-0.6705068835706804,-0.08752186688793198,-0.6438757624598422,-0.7576348886313838,-0.1068334125883258,-0.17528585730622828,-0.4074679370984932,-0.03346052206162588,-0.24712931065297697,-0.5680552658970455,-0.12446919817657597,-0.19457828401323246,-0.46424021072064187,-0.1610566882481711,-0.15649968618315402,-0.36992829189699383,-0.1642381216646946,-0.0657836742195265,-0.41021821938431613,-0.03628367550840865,-0.1288414975020283,-0.531634561840955,-0.13494581222862106,-0.09877352931548626,-0.452221047754298,-0.1552897744285864,-0.07730956532772396,-0.36047518860584904,-0.1521058174146571
PEACE,0.0,0.0,0.0,-0.09845505988262149,-0.20527696370747514,-0.00518936986606394,-0.2681519274945452,-0.2737912705649942,-0.024364008982860813,-0.3815000874565415,-0.21211422267440322,-0.05216632743860855,-0.4691817348417763,-0.12528525988089032,-0.08374466879031926,-0.4320478758740951,-0.2771351665326441,-0.059102336363105724,-0.6352949457061766,-0.3744309386444328,-0.09313835689076473,-0.7694610821103915,-0.42761924401447204,-0.11253363161443092,-0.8665413520666676,-0.4605210426710123,-0.12557268257220314,-0.46068015664311013,-0.11155528213027556,-0.08189121503428955,-0.7173378554774772,-0.08934818662419389,-0.12218692937749448,-0.8754789396835482,-0.06736204238225826,-0.14616058553878555,-0.9862690458703789,-0.04367375805829138,-0.15926698344289092,-0.43737460156405245,0.04558280281332459,-0.09874382466920885,-0.5577219195650429,0.045331578723436926,-0.13761722074965407,-0.461959526622718,0.014215796058116011,-0.13326962924454128,-0.38379048908838365,-0.0006408151752982743,-0.1171067758532025,-0.3745022210581123,0.17444897470553775,-0.11474535417217059,-0.41880960954105934,0.14567057709760992,-0.13557777075226796,-0.3505375256532408,0.11088637377268908,-0.1127190223992725,-0.2948975250358082,0.09265494792560078,-0.08514335406711668
PEACE,0.0,0.0,0.0,-0.09829444552482872,0.049286413160796384,-0.13530184124391526,-0.2020965065913016,-0.037919854471393684,-0.18111089314654957,-0.2173092022331632,-0.18555072443802384,-0.2091775394922522,-0.197839435946169,-0.325652070746003,-0.23308110814243788,-0.37062479733711245,-0.1831202156118856,-0.13799578005679303,-0.5666359628002844,-0.23992534184562297,-0.21552867644958684,-0.6841995051685476,-0.26552691177805376,-0.2636288496264386,-0.7745189586138411,-0.3054734389103083,-0.2952476769982721,-0.2917177736379122,-0.2923058169262608,-0.12548177955693238,-0.4967972132710268,-0.4459547658053719,-0.21149189202512308,-0.6157020240225657,-0.5514453483547667,-0.2648526145005986,-0.7123817820647474,-0.6383845550892112,-0.29150875871198895,-0.1827182852641498,-0.35615852499308986,-0.12539283045201732,-0.2341005062600742,-0.4251061076681173,-0.27871382263409084,-0.14874031864721815,-0.29205089740061213,-0.32092432957005673,-0.09456955799872242,-0.20721809550400522,-0.30905483220321417,-0.060230931841507226,-0.3891630131533488,-0.12965694112143067,-0.11092850431507849,-0.44609405478052333,-0.2705039221130937,-0.056438683522982806,-0.3408293773276527,-0.2852130218990528,-0.025073264166333965,-0.2533124614361842,-0.26577724816803744
PEACE,0.0,0.0,0.0,-0.16080560414577688,0.0859621605117667,-0.06722779001327396,-0.3487387981136107,0.05010280576997205,-0.08667213670641197,-0.4194355625204599,-0.1060953815318537,-0.10863733582920913,-0.4274842952109101,-0.24859196346571757,-0.12856281409363698,-0.4997843467991312,-0.045244783782819355,-0.020689071848424403,-0.6903142184380737,-0.05044741326440535,-0.07196217714687023,-0.8050239331337127,-0.06012863854002861,-0.11077682486887819,-0.8965751049247073,-0.08825287293581126,-0.13844369776000928,-0.4723737330221325,-0.17290201055802332,-0.03204413310052604,-0.6859719280871249,-0.27956405014050856,-0.08449445794042847,-0.8117917770139995,-0.34540893464373423,-0.11684593556463062,-0.9045573322736327,-0.4051474085134838,-0.1327840728582205,-0.3955377324095683,-0.26316936486326437,-0.05522266574142473,-0.5147894975370297,-0.349169638833752,-0.15483281041842234,-0.41937617548766093,-0.25158291408814143,-0.1667772104323334,-0.3385119443051347,-0.18245278774173823,-0.14687445991076611,-0.28432632070628544,-0.3260485585710307,-0.08332147760604346,-0.38308573596942574,-0.37626956894190255,-0.1695943726317206,-0.321489749606665,-0.2783868039053942,-0.1622170693273347,-0.25409026715375255,-0.20392205429560192,-0.13745418166402187
PEACE,0.0,0.0,0.0,-0.1300952619629808,0.07410358361255383,-0.05587996917444166,-0.19471979298957479,0.2368134164756738,-0.06988695116906458,-0.12174047320395634,0.3663758914621917,-0.09147371725810118,-0.013645695911185777,0.4354060656909726,-0.11012071731462672,-0.20056149935574671,0.4411217239198056,0.007249937808046472,-0.25111415742567744,0.6272890063177751,-0.03310199143024066,-0.2798656662542591,0.7384129541346346,-0.062325005756784756,-0.30157499060960985,0.8323611827359088,-0.08184263012959031,-0.09107553939088084,0.46465171023627944,-0.015809315801125413,-0.10644144151336651,0.7059636079885006,-0.07717704782429319,-0.13216190354311472,0.8541971181110217,-0.12383242995269954,-0.14984575548501952,0.9782362155045283,-0.14352754522565284,0.014065906402975574,0.4323087113426667,-0.05001980964615707,0.03305830987722564,0.5367716586633984,-0.17263422348200444,0.006277640040321057,0.381355881395218,-0.21010710762920107,-0.015183790895779474,0.2688258908102863,-0.19407355190161416,0.11245572763054229,0.36376119002917423,-0.08629053642039829,0.1168037316725766,0.43904603869540293,-0.18897091015732115,0.08043837498159392,0.3220830112970139,-0.19941767020553094,0.046552102585092514,0.2215154730244358,-0.18115834603672468
PEACE,0.0,0.0,0.0,0.06632833630555704,0.1852125219541078,-0.0021600901870151065,0.21977382123616934,0.3639802473304335,0.010014095246110653,0.34564785636788875,0.4714499763163202,0.015200088929705724,0.4474157178398589,0.5424830680965138,0.021277793734148426,0.3533715178785021,0.3819381833730994,0.04971120462441801,0.5244802032983658,0.5110554036367495,0.019580149129619116,0.6531262551197842,0.5958969399711505,-0.016512655002273828,0.7560120840658296,0.6533068453772092,-0.04044619301887533,0.3884028186221334,0.3295356461145594,0.029376862894946565,0.5496193007164563,0.46410850097247064,0.005595413570474038,0.6703647475844048,0.5479777965429476,-0.029046831889265146,0.7763149218759487,0.612262093282941,-0.052131872398024484,0.42021281512124414,0.27494414487950913,0.003103384488149212,0.5730760496378726,0.40513761305857254,-0.015930663284198492,0.6910141786511004,0.4923183621297,-0.02691225103500553,0.7935353261403102,0.5628200400909926,-0.0325347843772466,0.4409930938946524,0.21260826822709727,-0.026470594439668312,0.5841845385582516,0.3229203244875609,-0.03963234708720987,0.6811263515030417,0.3993549321338212,-0.03440989437496766,0.7602189034793029,0.46328592547843217,-0.02676860984693529
PEACE,0.0,0.0,0.0,-0.08388292554935996,0.06836286790632994,-0.13364278869949703,-0.17490127716769466,0.02450363478477815,-0.19971410427985095,-0.18274403809337783,-0.12440831637156942,-0.24736631824494898,-0.17006696328419038,-0.26943424622824025,-0.29005621663995185,-0.3917323065190533,-0.08901428672213131,-0.17820269604225217,-0.5959459888652414,-0.11175367738724112,-0.2568313560607018,-0.7240754308034433,-0.12736999684638986,-0.30728996200001146,-0.8244654007978723,-0.16009977229380262,-0.3455575395048275,-0.34986880065608833,-0.2192298434903543,-0.164141459693654,-0.5882880961045295,-0.3407739918488645,-0.23903525599258027,-0.7169807454637314,-0.4205097385493847,-0.2801710945325582,-0.8131789681464248,-0.493405628434438,-0.3086921631553562,-0.2565686650122125,-0.3038950668382663,-0.1575301299455869,-0.35788217996608895,-0.4359540752835151,-0.2757066117248784,-0.27245883796871306,-0.340309774925385,-0.2932253905963667,-0.20642065502329685,-0.26798645335447396,-0.28315007560543304,-0.13173262783091252,-0.35487687848719274,-0.15790570262186104,-0.18180885833962,-0.4014530066228127,-0.2723246385174768,-0.12152303897599911,-0.30749885910462177,-0.2797962987725165,-0.06976222668521448,-0.23143334048292002,-0.2655359634274697
PEACE,0.0,0.0,0.0,-0.1306146982420757,-0.06853599153297792,-0.02734723931296436,-0.23191915081721615,-0.2403058395453491,-0.06777883208620519,-0.24060614429106275,-0.40989720449068523,-0.09980713056300419,-0.2299439649205887,-0.5400598055580611,-0.13425003657093978,-0.24861541074059484,-0.21622409281854305,-0.20584026624917443,-0.4528681406597671,-0.41355808892971746,-0.27729335931915267,-0.5625524076852221,-0.48462653649516374,-0.3148676559000434,-0.6301772956961708,-0.5548541586884609,-0.34164837669865616,-0.1461161598278718,-0.2442439981546626,-0.2290837872672702,-0.3566726722961863,-0.564792340514888,-0.27926126964763215,-0.47211238480662543,-0.6924573803610568,-0.2944600885353601,-0.5512179448809903,-0.7703632917190737,-0.3204671215786901,-0.02237950804386348,-0.26963918557733924,-0.24321095160635622,-0.16134481377922805,-0.5740994147848457,-0.31204232771665996,-0.1504087799299763,-0.49013164660416025,-0.3011163784678627,-0.11303971718151813,-0.3915104305409477,-0.29160569297419614,0.10769669347082977,-0.2930111020534705,-0.2542850991185797,-0.010034072767772937,-0.5337784254777486,-0.3215377292829942,-0.03573221694181906,-0.46212695540575055,-0.30425652763844446,-0.026139982274235096,-0.35863805275084937,-0.28737202765571734
PEACE,0.0,0.0,0.0,-0.13244773488732853,-0.14486906303409286,-0.12124155240584973,-0.33102151341229363,-0.19590898998366363,-0.13014570514809068,-0.4842851411602416,-0.0928334464471992,-0.1253829481648555,-0.5791447908907048,-0.005432149617078621,-0.11237001749213563,-0.464216223284484,-0.32898256770769424,0.0027715945815113574,-0.6278547938000284,-0.4278923683586729,-0.021950639090666756,-0.7432289504256149,-0.49064408427941086,-0.04665769198074985,-0.843718099012906,-0.5327698169047101,-0.06554457714693195,-0.49374852592951796,-0.18826939394755768,0.024884533674559145,-0.6857188809657188,-0.18233930057997494,-0.01741726176789179,-0.7919283874141416,-0.13778111095268988,-0.06233333362607528,-0.8993120565440561,-0.10109290983671024,-0.07799892874277803,-0.46893673637090094,-0.04839508306775062,0.026531588090695796,-0.5538674676532409,-0.006082646268972977,-0.07108394414849932,-0.42598816782378396,-0.006760289818494755,-0.12516234004889568,-0.37141467246336013,-0.036457333767935377,-0.12485333633151417,-0.4043331746464126,0.069145206039366,0.019599205095236327,-0.4970998618861811,0.10857271116054282,-0.066746411064817,-0.41169837332370146,0.08352839219892476,-0.09086574697706522,-0.34374913454395045,0.03677051240907736,-0.08426178925635053
PEACE,0.0,0.0,0.0,-0.11959489067457484,-0.1018997023327069,-0.12586720099276477,-0.3093315789155631,-0.09295884630061751,-0.14872467469266376,-0.44179367583505735,0.08188848237416056,-0.15437263067399687,-0.5023766497967809,0.20727345209043138,-0.15226015686032324,-0.4915966302134866,-0.16367607472199727,-0.05773011863277615,-0.7020387876373061,-0.21645181557022294,-0.09767501092444528,-0.8374959090674268,-0.243046659232875,-0.12464609120811711,-0.9560561705826864,-0.2555365083353375,-0.14372783863452904,-0.5024664638996681,-0.02480006999915054,-0.038379844708492636,-0.7113251952418281,0.032028036626608684,-0.080842349345963,-0.836455461816034,0.09325074213500088,-0.11990554210600178,-0.9569142745186686,0.14571838268498255,-0.13885876356872112,-0.4561037689152278,0.10306599276088982,-0.036405459000583604,-0.5210713863575849,0.2151708871796216,-0.13196392580968538,-0.39660468395907666,0.190765154532399,-0.17477299479857963,-0.3382889558345362,0.13929788104394208,-0.17060527995848487,-0.37235772058010574,0.20372295062581597,-0.043063869429937146,-0.4536458620458121,0.3008797442968427,-0.11700234648200053,-0.37458428286972373,0.26690087984811706,-0.12487076653051474,-0.3159516195663769,0.21375954733252478,-0.1106510909109284
PEACE,0.0,0.0,0.0,0.03302209528707478,0.14738770232250856,-0.021339642650011696,0.0815901386329831,0.3340415106447085,-0.03875114874319955,0.11103035668855082,0.47324622219567103,-0.058510962228764576,0.13079476018454764,0.5821658272096075,-0.0770669184822538,0.1305377196003668,0.43584638178134916,-0.04339885179623796,0.19832923462000093,0.6487881776748268,-0.102935555080702,0.2538080557274964,0.8014178896184564,-0.1494718112595233,0.30570645099018257,0.9161254796445599,-0.18077554633690154,0.15065147187452474,0.4368826718835802,-0.06201015123874777,0.24042598009641675,0.6490392675735466,-0.11823751596446806,0.2992100441308181,0.7930023141285876,-0.15978927480702587,0.3539554795399139,0.9162195295025776,-0.18776925270593436,0.16784895285678786,0.42888531347068315,-0.08282000671550555,0.2638652947112498,0.6311108682502701,-0.12818031310709974,0.3356061780742746,0.7599824684908943,-0.14915996268516668,0.40229971905702105,0.8714425082113296,-0.16200472588955292,0.17686845035161242,0.4070022482425689,-0.10631628825822734,0.2712781071316068,0.5610583830327991,-0.14677963407376923,0.3417977937271005,0.664453212012215,-0.1599911626966902,0.4035120623656956,0.7511725512352325,-0.16475856886762988
THUMBS_UP,0.0,0.0,0.0,-0.2490396189813943,-0.016091006399313636,-0.16245571444210377,-0.4599096594695109,-0.24576492882335768,-0.2330622363900508,-0.6250819285036966,-0.4296940214932506,-0.285831687997725,-0.815931996529693,-0.4905875092729592,-0.30590664063472567,-0.3488617663785354,-0.5801067739030967,-0.1085981164958454,-0.2747140600442445,-0.776742790001795,-0.21245623438217326,-0.24746508136236836,-0.5326763584003549,-0.23163341396999818,-0.2787686410270359,-0.4513303401546929,-0.23124883651448006,-0.1844957786530471,-0.6150246474985458,-0.0812354648244424,-0.1197769476605645,-0.8151842897987068,-0.20470634716797007,-0.10801719667247257,-0.5301179475959211,-0.19629698162384682,-0.15365059993886612,-0.48252034506676883,-0.1559612433587498,-0.03574671451138774,-0.6151203721213053,-0.07931582906257054,0.029242358820248834,-0.7850841693081629,-0.1944424825895913,0.03027092556717229,-0.5390690984246398,-0.13474567083131142,-0.025228356753627196,-0.4927260370730161,-0.0681825682994704,0.09025526590453628,-0.5978293081242155,-0.09267342808146829,0.14458182700698402,-0.6881722112451418,-0.15359577158521892,0.12537617596515654,-0.5253834096460285,-0.11298266129377375,0.06871457727630524,-0.48344183644515104,-0.06909214730662855
THUMBS_UP,0.0,0.0,0.0,-0.20941700394216825,-0.11063858936114393,-0.22923124991642807,-0.41348570255452366,-0.151678960240372,-0.3829265269388444,-0.5942571298531732,-0.18128394958981958,-0.5038668143525051,-0.7761222018863915,-0.18929697506360732,-0.6014989467744623,-0.4236816640262496,0.4078304115434876,-0.3139026698276316,-0.3515063884795049,0.10313181981846682,-0.49373256003694266,-0.30954591805850973,0.015420390757418105,-0.6033898044319499,-0.33308566452567,0.09576475712427081,-0.6819390895076958,-0.22277793897565976,0.4684486722136156,-0.2815936801508897,-0.18189462286802444,0.08714686300054371,-0.4311522030897049,-0.17010489516730887,0.005902713290853177,-0.45734519236767884,-0.2111605031957339,0.10659988732205045,-0.48930197962824284,-0.03307938917477536,0.4439969394919229,-0.2751001975202307,-0.011849093217067298,0.09142289518167447,-0.4154479792024407,-0.014703255319889126,0.02961481764048801,-0.3973909020171026,-0.050008191741006264,0.12722518270644947,-0.3897294523234868,0.12950758892511927,0.3786431575441017,-0.2923909813224163,0.1575029152795319,0.10557649178183134,-0.409544276486315,0.13244789698833592,0.0719189484394749,-0.43685257891232593,0.10177439430624195,0.15625017096114058,-0.45502086749829623
THUMBS_UP,0.0,0.0,0.0,-0.22009763046685274,0.05593117606213391,-0.10371061446041531,-0.44559215436498817,0.30522980405459627,-0.12770214794678533,-0.5958267188449223,0.5361285075908879,-0.14692314511980648,-0.7194758353521399,0.677634461189215,-0.1522040057066269,-0.3768635507882906,0.533395252677864,-0.03215335840927794,-0.2943408990732082,0.7441037444908948,-0.16869356951834252,-0.22496441922895816,0.611003424094941,-0.24018965662080885,-0.23269468729239212,0.48994203707800815,-0.26549359328094624,-0.20871922486004674,0.5636910359053556,-0.023571879227834512,-0.1140851751266732,0.7396941320909862,-0.1868235234502849,-0.09272307638515864,0.5153202930482563,-0.23599899473745228,-0.11839013110057899,0.3601062023144087,-0.22891087333343837,-0.06147942388165472,0.5497187406515446,-0.038790064108404444,0.012062116764527826,0.7046535709474001,-0.20860474468264278,0.008576660349170201,0.48586268856420706,-0.2072292413013939,-0.023259691964379714,0.33884544808668166,-0.15973584054968254,0.06603939709613685,0.5023540242489578,-0.06121692192767923,0.10806358881334498,0.6106359343155339,-0.18533708756938533,0.10767384298385116,0.4707003570132026,-0.19136349271498676,0.07472415826001369,0.35784443122435167,-0.16068649183195569
THUMBS_UP,0.0,0.0,0.0,-0.20800141072359857,-0.22971637692334998,-0.11353948965924815,-0.5035247011883556,-0.34065206507668944,-0.15360002125072583,-0.7412396765284095,-0.35008566568221994,-0.1857050081415691,-0.8847682562479984,-0.42432947893113776,-0.19269049287887874,-0.668385853169698,-0.024784226516898718,-0.10295525339522621,-0.8123464723319388,0.12380314027083028,-0.24712996177627886,-0.6004259870644661,0.04193725381556337,-0.29632913424915625,-0.5106892663588846,-0.04763710811857574,-0.30913475412612196,-0.5971885834883431,0.15431322320460436,-0.0997897557727475,-0.7081768936302131,0.3250046893388591,-0.24390350941441782,-0.4885860094134558,0.19202459999673976,-0.24904808099427653,-0.4478828732051038,0.08997646805780841,-0.23219760204962547,-0.49469117096430637,0.2917951040094795,-0.12086792290318518,-0.5960563964138775,0.46171201041501264,-0.2797447276910156,-0.4093301061972123,0.31984077061380434,-0.23890422394376756,-0.3678040002770934,0.20282822558647598,-0.1803533322519951,-0.37301116225846465,0.39432969450193367,-0.15071118920855317,-0.4609020136801408,0.5552912033247078,-0.2548332424483858,-0.3452869559127827,0.43438137386188297,-0.2317705889335194,-0.29331193142486833,0.31939789227703674,-0.19273229001331182
THUMBS_UP,0.0,0.0,0.0,-0.2659960209423708,0.04763325775134136,-0.12883745750221057,-0.5325026963333696,-0.16650538306381257,-0.17357180430222355,-0.7273533761704032,-0.35572436736529117,-0.20507681931685603,-0.9065776557735992,-0.36447236440785763,-0.21278357463627584,-0.4739270770704264,-0.4647718307669178,-0.12496302177643859,-0.4608769799694673,-0.6929236573615558,-0.22790310532024347,-0.3858165629706145,-0.4554767624119991,-0.23702634803966055,-0.3811160402105451,-0.3605585160490743,-0.22999120035388435,-0.3264128253956622,-0.5062796317501538,-0.10567785197848333,-0.31428408079233056,-0.7142957969529806,-0.23115103070027435,-0.2436165429680241,-0.42311111402846086,-0.20814942643280182,-0.261517623514809,-0.3531698091333844,-0.16206059735028036,-0.1828646799868555,-0.5379480404057577,-0.10654365852947516,-0.1712810777127253,-0.7187917890450385,-0.25064990844971585,-0.12372860343757484,-0.4305595609677883,-0.18279940208739304,-0.14445523512192576,-0.3358692853408581,-0.10378864679848902,-0.05060891885045459,-0.5621264997572762,-0.1173243654076428,-0.04668244442013923,-0.6594651523420803,-0.20546244058489613,-0.020432958613161974,-0.451816312294379,-0.1653524655510251,-0.03168606177413486,-0.35773705669394923,-0.11913513988634973
THUMBS_UP,0.0,0.0,0.0,-0.26693622344884654,-0.1496340115861268,-0.13469985419522984,-0.5262307288637449,-0.2489527783711489,-0.16203167165874854,-0.7374182914762659,-0.34219562691860395,-0.1734673097442429,-0.8808595862928476,-0.4374082967287351,-0.18099826294431756,-0.37624547097751226,-0.17543366357559692,0.0001594638635676587,-0.47855733011316665,-0.009210731601643493,-0.022488061141176068,-0.563315129224751,0.006269185622286195,-0.06743348595154063,-0.6161786426175273,-0.03949573708864303,-0.10668147908093252,-0.2487524532925633,-0.013509623347825048,0.04578128141293527,-0.3460222833269684,0.28796140855275615,0.026156885096047664,-0.392994197719316,0.3014223212098776,-0.031475394282807115,-0.4432444739277746,0.22480198011123884,-0.08846912368911189,-0.1539867812631642,0.11553337733742924,0.07372013931787737,-0.23487400242509004,0.3823657518622402,0.04233397211144975,-0.2989937813534412,0.40269102798601436,-0.007520626226950627,-0.3673040660150242,0.3438874569626011,-0.054006987428908804,-0.07168247599704411,0.22157825240746934,0.08865009992566324,-0.07549741159238024,0.4753445670409397,0.059846962028577796,-0.1200332243134345,0.5368794655906869,0.03422758843143188,-0.16955063463200615,0.5355429148147193,0.011209971450734824
THUMBS_UP,0.0,0.0,0.0,-0.13645236646158623,-0.1944350627947904,-0.15133188694417657,-0.3724486889206533,-0.3993253420726076,-0.19426117503730236,-0.5430169070724525,-0.5783378233510307,-0.21785980144825193,-0.6398880490803849,-0.736775645380492,-0.2184145897559463,-0.5113396876392857,-0.2730922056972428,-0.04931270447654845,-0.6540538676839407,-0.09508818675487557,-0.1687612153567699,-0.47258070008912084,-0.07749228517319212,-0.23472294297494262,-0.3736129627879332,-0.14986420693499797,-0.26065910063319586,-0.4799793991047525,-0.10521500741310821,-0.009535489001095928,-0.5981805585291988,0.05192093509596529,-0.12612480039476714,-0.403069383561105,0.02019833366341282,-0.1519748251413209,-0.3315127985157471,-0.06808435784791772,-0.14828899734618753,-0.4277536880550183,0.03600008045768823,-0.00010437915054170983,-0.5253230759131474,0.16761891897535028,-0.13153372432037577,-0.35827708477565534,0.11984627017176673,-0.11843111838312875,-0.29442970716277833,0.02189673508603522,-0.07814801884628618,-0.3682847975898863,0.13864429049273239,-0.0033260633465029728,-0.4551069318180648,0.23510359749103513,-0.07975740785607847,-0.3375561946397843,0.20006359844257227,-0.06337390231149133,-0.2715134429022406,0.12843307523915098,-0.03003190991533459
THUMBS_UP,0.0,0.0,0.0,-0.170021717671383,-0.21720659401749007,-0.11542747749468533,-0.4095023838318236,-0.46810947388304674,-0.14874568693451592,-0.5583565844206605,-0.6471488540000127,-0.17541986302064155,-0.6460134637243329,-0.7404485879953161,-0.18547909106590127,-0.5100642124158934,-0.39406904765279493,-0.049001252931470854,-0.6971282183700189,-0.243221366635848,-0.18103583717774727,-0.5697211864826168,-0.1866457336673075,-0.2629866065570948,-0.4965142478816704,-0.23562697631957077,-0.3082827028184261,-0.47938942210199276,-0.2195343395507087,-0.039047412307177454,-0.644204752066071,-0.03403108003969401,-0.17331994802116343,-0.48331400953638365,-0.03913946916623621,-0.2181313569407177,-0.4358739959134262,-0.13371145048341934,-0.23330870342572668,-0.41731334689646876,-0.06432774985481536,-0.05654707384016334,-0.5537219040906299,0.09103780094628615,-0.19464035641079905,-0.41425652014032416,0.05822585382072204,-0.1870224952286733,-0.3508540838195239,-0.04305706090110055,-0.15755881335003397,-0.34604721522131476,0.058385873098967846,-0.08514837776104295,-0.44282237159023125,0.1338269089193028,-0.1781868238487147,-0.3617479752419085,0.07797077482895862,-0.17798884261274397,-0.31960364737315344,-0.025090105745643628,-0.16178431874200042
THUMBS_UP,0.0,0.0,0.0,-0.18985321385801282,0.1021828282148084,-0.03131900379845655,-0.3706261934899516,0.06269651051791122,-0.03892730350666777,-0.4923860066961756,-0.017090449194390806,-0.05913876638294538,-0.5426588627562305,-0.08897114312282914,-0.06361952773176226,-0.43387804667657287,-0.1650207787002043,0.018352286744120972,-0.6146394392611557,-0.04443833206065561,-0.09128181370810487,-0.4956232494651671,0.05511312226517836,-0.15779104076582465,-0.3682326326065668,0.057951168969973245,-0.18287506247469762,-0.44105895215456103,-0.23321461899806437,-0.008208434168404074,-0.6417948545860028,-0.08571317736529716,-0.14452334232713177,-0.46769317317622316,0.0056008890156928485,-0.1942417888100306,-0.3337963735202863,-0.0003063882714319455,-0.19790711170117095,-0.41352534228885,-0.3082818623633118,-0.05065455831366867,-0.6217528836124704,-0.20023164304362323,-0.1711555718250296,-0.4826181814820499,-0.10279421208371123,-0.17584015100804679,-0.3489124009866112,-0.08307829393794086,-0.1463540818826357,-0.3520178410919285,-0.3980622604714304,-0.09913058991085624,-0.4818433533970777,-0.5332806520094493,-0.17725590157663573,-0.5193159202532488,-0.670145629825102,-0.19769045341304975,-0.5551541563626434,-0.8083152089005119,-0.19603669486451658
THUMBS_UP,0.0,0.0,0.0,0.03587449219903855,-0.12473743657761545,-0.16238051173233634,-0.041558341974904295,-0.27715596278845384,-0.23268480545490422,-0.19694711220574534,-0.3163810188362974,-0.2830811718652135,-0.33216666946742635,-0.3237743231201291,-0.32977746691017956,-0.1796900557597429,-0.45202298774621313,-0.14913581572470205,-0.27127297272401296,-0.6276080496237016,-0.2641299295124117,-0.3278052731295445,-0.7461128510653726,-0.33467182978711163,-0.36095696304074315,-0.8510585451497743,-0.3813258758069705,-0.28198312023940136,-0.334246697052356,-0.1247354414938918,-0.4274750858149413,-0.3102996745116555,-0.2877909752799097,-0.312408038419471,-0.2297482334621009,-0.3417107924799046,-0.2059266610499048,-0.22154288326499916,-0.3415516217341518,-0.3271715377529363,-0.1957271961691612,-0.11836647956181652,-0.3950052755182637,-0.10992496767644451,-0.2862775169470225,-0.2699804276656631,-0.06492295679182448,-0.2910781459403446,-0.19034148695558695,-0.09906810796503264,-0.2540188338716249,-0.3233026667942578,-0.05812326113610381,-0.12380366380853887,-0.34730258904453437,0.015574602012686393,-0.25370176967622726,-0.23829141865438555,0.0390710337879411,-0.2571464211214106,-0.16547803393353758,0.007120631040860694,-0.2291688808869005
THUMBS_UP,0.0,0.0,0.0,-0.23303983152493254,0.00513978227129082,-0.1274089433063523,-0.4565598998130962,-0.2601169871105353,-0.18005079695736595,-0.6162172739238961,-0.47008160614232636,-0.22520893240204776,-0.8050220971895626,-0.5399976430711066,-0.24564602279330316,-0.4082588688331678,-0.5840532390158661,-0.08721534246206507,-0.40899966978410696,-0.7941658692154538,-0.2538825701864325,-0.33341056331279434,-0.5498122577532526,-0.32215049930234857,-0.308772584936872,-0.39947559554245077,-0.33537679535223486,-0.22390028827476535,-0.6185460681195492,-0.08847997042352086,-0.19842107850071494,-0.8214494208128206,-0.2566694751792124,-0.15130434975229012,-0.5094164388463823,-0.2677356916691578,-0.15805389318186144,-0.39951902492501895,-0.22496948535281466,-0.042059441015100486,-0.6031377915404489,-0.11727434295589081,0.005275711980946588,-0.7908577850207147,-0.28493835750473573,0.010311923690377532,-0.5056343570031724,-0.21393741095713087,-0.020086089437778606,-0.4024901056265943,-0.1183506837872234,0.11763465647066519,-0.5613103996773058,-0.15574867779553236,0.16483856331792168,-0.6800282360426124,-0.2528248305428543,0.14118083294217157,-0.48467627368794663,-0.18878998889255344,0.10125528612399291,-0.4024641331527055,-0.11042204060426866
THUMBS_UP,0.0,0.0,0.0,-0.27696324471662764,-0.014035641072765122,-0.12069238797575148,-0.5441557844844863,0.11361162546516884,-0.17227552324764317,-0.7447490289586527,0.27386050126868505,-0.2170641985582275,-0.9004625894722639,0.3615532907795799,-0.241756784573591,-0.42854945097473884,0.49519674467834307,-0.07065476460074613,-0.431825965972458,0.7098384060480613,-0.2006707310354633,-0.3876235533186767,0.5732868491250067,-0.259066751957303,-0.40213627720809536,0.5010710781756208,-0.28211947713349705,-0.27353321624669824,0.5345567641981064,-0.06368354273273509,-0.25739312739258885,0.7353356907500656,-0.18094335911182446,-0.21627055332518033,0.5886204832530884,-0.20296671435922384,-0.260245240755265,0.5865366498471569,-0.20333814213942494,-0.13011549442069967,0.5159296145750516,-0.08368801258167659,-0.11619595554624744,0.7071449979262179,-0.21512637091988068,-0.09108825708969992,0.6091366222596538,-0.20653622071119043,-0.12151069782552781,0.6265742460718484,-0.17996591959417782,0.01389398722887877,0.46853426421843497,-0.1140998979937977,0.05421061556718325,0.6143242171073755,-0.20779051638060092,0.05027016498209313,0.5973083481462201,-0.21388726880864484,0.025295721920189692,0.6341666477856335,-0.20230295692077613
THUMBS_UP,0.0,0.0,0.0,-0.27522493624086913,-0.05422466933740474,-0.1096678791518357,-0.47229322466476015,-0.32605939559458763,-0.1604719268699979,-0.5782353794711211,-0.5414805140550519,-0.20792013364648612,-0.7325297938709804,-0.6403076017039316,-0.2310979798516168,-0.33085265715230544,-0.6156028323347377,-0.06504969876063095,-0.2608727421605172,-0.8410937542942257,-0.20506336298122754,-0.23908825267826084,-0.5979302311990314,-0.26505500658290443,-0.2487333899102011,-0.4598040948992505,-0.27796597362614345,-0.15739085450028312,-0.6068386868886121,-0.06809124772632659,-0.08051863142284892,-0.8081626653201525,-0.21537556954557893,-0.09104895624503909,-0.5246352492666247,-0.22862474385541726,-0.1332680304917001,-0.4037339073382782,-0.19199184284554557,0.0008804832034588684,-0.5690263516092696,-0.09586113964806696,0.06844717491703059,-0.7202411091264459,-0.2320088826372313,0.03521932813835473,-0.4686240572589239,-0.18001224902774157,-0.020042467768091734,-0.3604605418680676,-0.10303771348420147,0.14390909912186323,-0.5163411610628367,-0.13339090180257376,0.19565608236745527,-0.6220039134374864,-0.20537741258592696,0.15172321272737588,-0.4648100710272769,-0.15835636730870523,0.09317559336576876,-0.38795628406024,-0.09872105716665197
THUMBS_UP,0.0,0.0,0.0,-0.21822809988155492,0.15049102362890773,-0.09826063529057598,-0.31165404236758115,0.48036004575765295,-0.11607521734318664,-0.33303231927855537,0.7398444380454035,-0.12645033081409968,-0.4005835739088287,0.9088550856862299,-0.1162550366079067,-0.12165805904360562,0.6436398303626802,-0.04576206366459888,-0.03469480803037626,0.7890963081766493,-0.18703312153976792,-0.06377670099283814,0.5729558916999565,-0.2554705384515571,-0.1306892347959122,0.4388605540005464,-0.276569776797797,0.04376678669482097,0.5703097813014274,-0.036853679312673554,0.12561454206420747,0.6870983866987131,-0.1923329518831414,0.035124616198107465,0.4612287279278613,-0.22582593265899778,-0.04789671489177833,0.33444371518791527,-0.21089184815133014,0.1626420696373984,0.46271547583895106,-0.051489745122843794,0.23142440891578264,0.549791470590114,-0.21494585581723527,0.12350844705590469,0.34759449814332655,-0.19864797879770216,0.03268641259947595,0.23814696202193916,-0.1424662828892617,0.24356915736870216,0.3405218621736486,-0.07230723892343988,0.3025973702618163,0.3986957066942763,-0.18899194558705779,0.22393023032006062,0.2594438080407364,-0.1834235398051333,0.14339096705268042,0.17424837708898433,-0.14581045982964327
THUMBS_UP,0.0,0.0,0.0,-0.21395684260138487,0.16259762850568016,-0.1739207106802752,-0.5098114785865696,0.20094590218289873,-0.26986387854975347,-0.730234154323209,0.23762125317512472,-0.3434155444687053,-0.8458434776031564,0.3594170787942358,-0.3941676989140748,-0.6084688362088273,-0.15861350716314138,-0.20775271119686428,-0.6292246567452366,-0.24689224569970533,-0.2893699404421423,-0.43549610435219915,-0.10137496387533443,-0.2958437123332744,-0.3857297449179222,-0.022161490675324736,-0.30012329715795516,-0.5113993431728744,-0.33859910914038516,-0.18145195320699414,-0.5648495121559228,-0.46252269145087227,-0.28777501603364647,-0.36103431677728737,-0.261746792054551,-0.2768700007278732,-0.34155034163785786,-0.1799346238234302,-0.2537910166947022,-0.3987870703528928,-0.474391925363371,-0.16977110880673923,-0.4609108971861367,-0.619256754865407,-0.2733197890994407,-0.3000143172434152,-0.4338312338338824,-0.221316557609521,-0.3010977305991019,-0.34691994599722337,-0.17327044151580662,-0.2780375727584405,-0.560650760877695,-0.17296885385055907,-0.3236790680495499,-0.6797830488417953,-0.2311721119173338,-0.23279834556872553,-0.5339398527359521,-0.18948734926098573,-0.24521229154522123,-0.4477141331747172,-0.15404518475988593
THUMBS_UP,0.0,0.0,0.0,-0.239172890638971,-0.08753059776002932,-0.18552964125152002,-0.4923720472530479,-0.030969270888586628,-0.2960450195418928,-0.70762874036633,0.057691465839893215,-0.3881840916168557,-0.8917248457123553,0.022173556776330428,-0.4520344377579687,-0.47632871789997255,0.41974422064929257,-0.18860696034492994,-0.4405829254277657,0.6230553180737511,-0.37089052928474353,-0.36890429052676865,0.44540449777015984,-0.43686552974039133,-0.3958801688807308,0.3506769420652455,-0.46015379510413845,-0.29370554413513905,0.503481574289779,-0.15954965507024563,-0.2739357033393391,0.7114006498754402,-0.3345920711715863,-0.1915759701483213,0.4422933161846098,-0.3124063834365331,-0.25779949400782226,0.3863204276381221,-0.2625314227054129,-0.13517767939288214,0.5481586300735487,-0.16390192800233896,-0.11504336406629642,0.7467429701336054,-0.3347016715307621,-0.0617871156584749,0.5094437544443475,-0.24789940264014051,-0.12704681128015344,0.4298700236835885,-0.15373867776519648,0.00640871851246014,0.5547991516091276,-0.18669874069169656,0.0688726870907525,0.6781479306707153,-0.292408336732164,0.06845353641881159,0.5133497743069446,-0.25253191560334065,-0.004217703636405392,0.4370642527829531,-0.19916379693302402
THUMBS_UP,0.0,0.0,0.0,-0.2306155034692875,-0.0687228150713524,-0.14623401732112404,-0.4284702079403534,-0.31900114028831356,-0.2094776176151429,-0.5717846290640365,-0.5193612008995807,-0.2519996155040522,-0.7506945195876785,-0.6061548311521162,-0.26274333280213585,-0.30733250248169613,-0.6883831257999876,-0.0641881213691342,-0.20892261657408578,-0.6130896887883247,-0.15749346771417483,-0.19591438227434244,-0.4356416839718878,-0.2046151769946981,-0.2333004097049111,-0.4056146427011083,-0.23016344801786634,-0.1437422728884274,-0.7473952785600665,-0.03292543946747939,-0.0605681465973838,-0.5775736913290639,-0.10815063644969136,-0.08160356045815019,-0.40838640316594405,-0.1074595579540642,-0.12878716862301776,-0.44529797412341066,-0.09482483535622105,0.009023467541342898,-0.7233943031125194,-0.026867585670390402,0.07533606170360448,-0.5716832670330491,-0.09673345383346768,0.04832805546597211,-0.45577915477410297,-0.054050923266286174,-0.0028883364295432916,-0.4963981752170975,-0.0168190011084466,0.13434571090496988,-0.6699294587170888,-0.038915679124795745,0.17287791886959852,-0.5519064370731944,-0.0812276468933693,0.14035579246872418,-0.4714967531522858,-0.057181888236913,0.09150237483581021,-0.5086933446402047,-0.028199944311082015
THUMBS_UP,0.0,0.0,0.0,-0.2671276713494756,-0.019270949502993504,-0.1325480447030936,-0.5605131208844555,0.10911022569319444,-0.18532803007013451,-0.7635059892273524,0.2652859086077402,-0.226956416866823,-0.9334876589244712,0.2697161503176272,-0.2363344851974614,-0.5122733623708191,0.5471124106112769,-0.09492696766649254,-0.5341418198671881,0.7948057123813372,-0.2553728184979746,-0.4515394921985965,0.5552796127375391,-0.3085638621186324,-0.43566007689551556,0.4077683619523782,-0.31716002214500805,-0.3387926813928324,0.6131794250157819,-0.08215945738813166,-0.34774218783323557,0.8467776263914928,-0.2476357887021192,-0.27151292633719415,0.5358908634960974,-0.24339967103454724,-0.2949449892368203,0.4242725752406934,-0.20441372615208564,-0.17346373175519783,0.6377853667971564,-0.09870554872107111,-0.17656570353213866,0.8686350484125881,-0.28421757081409305,-0.12591149919150946,0.583655146149256,-0.22460604543813004,-0.14244654844901056,0.45779116814313575,-0.13893379639207684,-0.0027853750796143074,0.6357396325674669,-0.1254248170181865,0.01542685521422416,0.811596742424135,-0.25815613432622203,0.016176845122300474,0.6073348472260771,-0.2318677049761418,-0.0073216418342363955,0.4821040626146099,-0.17755642861190843
THUMBS_UP,0.0,0.0,0.0,-0.2652408815757651,-0.10113703602243646,-0.1328452890675636,-0.5830410793670854,-0.037776606028467205,-0.1915771729624729,-0.8162249786085664,0.061665145767057845,-0.23664449573479054,-0.9687384959017659,0.03051418124229737,-0.24620034788987713,-0.6099057928273585,0.4422365633460393,-0.12278395999441219,-0.642345541069134,0.6418130965530414,-0.2753222376195515,-0.5321777744778587,0.39374069415926743,-0.3194024839812441,-0.5115328252394681,0.27293021759118596,-0.33013410782964137,-0.4366397155820203,0.5497925368950025,-0.10687935488243738,-0.47448820058144653,0.7641167237100484,-0.2509951011253617,-0.3553191509477298,0.44199797086584713,-0.21255247203072478,-0.39730966164867143,0.3582782897687803,-0.1571520018584805,-0.2682348692331693,0.62690703914339,-0.11901675404247157,-0.30081827154551766,0.8559974725372911,-0.2738041579077501,-0.21548069037380024,0.5596753760451456,-0.17349382093876992,-0.23713963168517116,0.4352024997125479,-0.07407743322737934,-0.08562914803802096,0.6769130938197191,-0.14429444318548942,-0.06420204756939658,0.8261261510511578,-0.26240290146393336,-0.04663241725179291,0.6068125041638316,-0.22173176459120256,-0.0882524188639904,0.48525602359368664,-0.16493232917239864
THUMBS_UP,0.0,0.0,0.0,-0.2725976470506387,-0.036482733363738876,-0.11967220917164847,-0.5995839789849639,0.07606648902853656,-0.15658715645589372,-0.8180083394002527,0.20202333669888392,-0.18108799222048205,-0.9690722286671015,0.17769412211026472,-0.17124197672778482,-0.567287989491293,0.4941509266749936,-0.08164750683110004,-0.6108265332604795,0.7052587710481337,-0.2189720560122097,-0.4989828618041719,0.4760767407439878,-0.2539815717268314,-0.47522904603034993,0.3495742977900596,-0.254955630402369,-0.40695808703810826,0.5835845001512606,-0.06635463259355907,-0.43217919989424014,0.7828204038926925,-0.20870521616396592,-0.32083732156199835,0.4856511000601053,-0.19405837360497616,-0.3457112282968888,0.3949055691187775,-0.15520969644874028,-0.24937256799728524,0.6371276979902882,-0.0778494506806458,-0.2766657788873808,0.8471269914902047,-0.24301693287119377,-0.19484464944503732,0.5682784300741407,-0.18268029855872736,-0.20580030710187405,0.4573619294147146,-0.10352911269036016,-0.08502796933150898,0.671964112387239,-0.09802459740880087,-0.09367751604260886,0.8277223839535864,-0.21427506464937224,-0.06729185780005881,0.6276652273519696,-0.18760268539817562,-0.07818038225021617,0.5195509610670138,-0.13861852469794597
THUMBS_UP,0.0,0.0,0.0,-0.26127473822331565,-0.12032169788837345,-0.14122627212510144,-0.5755648753757193,-0.06802053280650547,-0.1955690871054193,-0.8058813297737989,0.03333942265425679,-0.23602748715979402,-0.9709600977327796,-0.013425254095442637,-0.23886450377405155,-0.6321106259781508,0.3808211474226994,-0.07079127390509796,-0.6803709503485071,0.5355649868928936,-0.21049894369498062,-0.538663887617776,0.3265306529137296,-0.25199702783359323,-0.5057151963505754,0.24299920125649402,-0.2600905429197686,-0.48152307281112927,0.49212500598113834,-0.04857150412120822,-0.5187961716994094,0.6468933457891214,-0.18810498569703898,-0.3806486160439905,0.3642865554584764,-0.16306763725438495,-0.42329106196004374,0.3184579876150126,-0.10981070174520582,-0.32914165391188516,0.5719519085633518,-0.05749540609351813,-0.3718543667967168,0.7492327267533299,-0.21484824365925367,-0.26310138540749967,0.4795466305617044,-0.13617060292203867,-0.29144612019945004,0.4068401141490318,-0.04206268007084106,-0.1643178854686107,0.6232806062377055,-0.07951619332151366,-0.17208419854361623,0.724696226465924,-0.1808040075376567,-0.13066147744404205,0.5262753408155298,-0.1349581302055451,-0.157536387971365,0.44832163605929914,-0.07142850931573208
THUMBS_UP,0.0,0.0,0.0,-0.20357125356568598,-0.13311702546799828,-0.11908620551801025,-0.3837319864014204,-0.3400489041657613,-0.1982233617729763,-0.5514985119596355,-0.5222741639480977,-0.2650550477631215,-0.6962330613381937,-0.6464915987006808,-0.3119425221240042,-0.2390043575509843,-0.6021366415781769,-0.1384311348483356,-0.2753312102223199,-0.7457499820210935,-0.2332192009437629,-0.26778666725120326,-0.6730927747244327,-0.25089133231765226,-0.23966280828086922,-0.7328254371638054,-0.2569943000979796,-0.07580421323537757,-0.597292271892687,-0.12880037574534264,-0.10888808975271234,-0.7200244195645046,-0.2319776540296602,-0.13743260010107214,-0.627504837968122,-0.2290233180952591,-0.1283063412446931,-0.7412804464822665,-0.21597516260012703,0.08108349225442206,-0.5594165549997049,-0.13602944060542208,0.06362433388000197,-0.6611696636383595,-0.2440640437204944,0.021524343297243943,-0.5865727073509374,-0.217563653098762,0.024330575760838632,-0.6993592223126873,-0.18961751829339565,0.2227040958075216,-0.5126245297300005,-0.15236558695479516,0.19422537216625047,-0.5842734244172528,-0.23829457452277528,0.1508314929642251,-0.5487059954824998,-0.23832884364395834,0.15319206009272607,-0.6188179492676412,-0.22928977927292526
THUMBS_UP,0.0,0.0,0.0,-0.16725153743010737,0.04707306012779523,-0.22109264538526183,-0.3400696693161935,0.07525564513705539,-0.4147768606718815,-0.5043178322488778,0.09325759707555037,-0.572836910964503,-0.6989236838154556,0.07894657733425527,-0.710825662261176,-0.07127348567630629,-0.3906483309579267,-0.4069550750937935,-0.11737233460228635,-0.052061727147150544,-0.5440843792657455,-0.17439752640944658,-0.006636994662629614,-0.5874478387820108,-0.1935699879264375,-0.131578811223333,-0.6246051706383846,0.08910443493953774,-0.4221884769554874,-0.37060286527644004,0.040863852179539376,-0.057630795168028,-0.49914217862062127,-0.0414136369815602,-0.0053179778481378965,-0.49671421132388704,-0.04843464092695953,-0.1387175195210835,-0.5078137037479787,0.23131257457205937,-0.39151291189658854,-0.3428894875258485,0.17265025617022287,-0.04376268355671401,-0.4506309038528368,0.08523055228190309,-0.006953704311739401,-0.4264621212666152,0.07286188770958103,-0.14879314276124198,-0.4212331917548318,0.34226260127651204,-0.32518417579492603,-0.33617462223994454,0.28741153300223277,-0.04914730764401029,-0.41209154928360714,0.20050539719213345,-0.017216011695198666,-0.42663116375837407,0.1720497866232959,-0.12452415746110372,-0.4448095322122883
THUMBS_UP,0.0,0.0,0.0,-0.2509242545834449,-0.04864163254288303,-0.14914421318048013,-0.4779540169146296,-0.22660237952219225,-0.23433709986966586,-0.6807311858656833,-0.35022971613985066,-0.2944924041110083,-0.8704532923077543,-0.3746147503150561,-0.31933501962199407,-0.3802938686904296,-0.6928632598653705,-0.17066413910951214,-0.3483528040450382,-0.6640227921304569,-0.2639355920578619,-0.33157310311774707,-0.44656416745179695,-0.26826988625287124,-0.3419391157124166,-0.4477700369780309,-0.27036138742180243,-0.19430855373232558,-0.7259715021745489,-0.1477733565810634,-0.17688280688286734,-0.6811891815105201,-0.25219701959320984,-0.19259027597182893,-0.4344450291015417,-0.2187231725588034,-0.1969349969447613,-0.4605766981904471,-0.18095907468381495,-0.024023388403184298,-0.6849878431469307,-0.14364302903630638,-0.0255591860414442,-0.5816966824322557,-0.23621405799881792,-0.059790781323095295,-0.37975959414484944,-0.17664412642002908,-0.08156355086246668,-0.413134352263233,-0.13082261506493,0.12277008514533433,-0.6068903097828113,-0.156494078860697,0.10961512811938559,-0.475934444401348,-0.2192155098209936,0.0566764661794121,-0.34559926002092345,-0.2101224387853782,0.02472025623628718,-0.38294401958776736,-0.1988707254965021
THUMBS_UP,0.0,0.0,0.0,-0.23240184461796712,0.01125569156408844,-0.12140965224568896,-0.512015726696787,0.2122792168623995,-0.17849581832544398,-0.7201368010895293,0.3587159344875766,-0.22730013423299872,-0.907665078619253,0.3390387690846939,-0.24737990644480562,-0.44166814463462245,0.621829103195566,-0.01440957770097379,-0.4111326001719828,0.6656262052578161,-0.12963055255328806,-0.37190942868164145,0.47090786992048994,-0.17099071671368313,-0.40022685560529353,0.4427904500592289,-0.18277209132802982,-0.27416410358663645,0.6548232965663432,-0.004241431687581848,-0.2487279984480704,0.6591498109944055,-0.1048182711853006,-0.21972043822286075,0.4065811540541465,-0.07913091534482894,-0.2618576123908356,0.4401784188287347,-0.0295720030751666,-0.10570761060624448,0.63976856017991,-0.026344062296905793,-0.09114892659415977,0.6537704489320312,-0.13603860017675093,-0.089972327313401,0.4162538267577548,-0.0594865942389565,-0.13673066683664692,0.40968832259399784,0.023062954631010938,0.05269946434125099,0.5999963496947699,-0.06387376985040247,0.06949212701883975,0.6020232622250926,-0.12311569287934897,0.04554557338806785,0.4419531655921605,-0.07421404238015678,-0.00019294798960076348,0.42342131296223773,-0.014335637181584947
THUMBS_UP,0.0,0.0,0.0,-0.21324193236800837,0.11406517355642101,-0.16269094026963576,-0.5108833440770465,0.09676834043352744,-0.2757546871427971,-0.7275189517739077,0.10813180974315191,-0.3653338801577749,-0.8825995656737031,0.17984791966488664,-0.43436474588161855,-0.618908967890121,-0.3184428867074173,-0.23200547934349433,-0.5140699343452292,-0.35880540731442034,-0.35760635095126636,-0.39614348491829005,-0.1496335231540315,-0.39733783017295726,-0.44786008232944985,-0.13888714707788685,-0.42918326056741757,-0.4453314173843848,-0.42230701193029496,-0.22319241272362497,-0.39037232461261806,-0.5008132283945731,-0.370962015664619,-0.26572354091312667,-0.2233146352076764,-0.3654477994381626,-0.3113585191552524,-0.20071694196306625,-0.3462496869899149,-0.2666438939638616,-0.4972072936906608,-0.22945279883055691,-0.22161217328847893,-0.5701178828406716,-0.3689003044719206,-0.11301658749690606,-0.29178318793951025,-0.2937206659770766,-0.14556302500603024,-0.24817102916834108,-0.23155184101429818,-0.0871659377778148,-0.5558652338551576,-0.2491754995819376,-0.06232664155165412,-0.5893578397444159,-0.32768461253742287,-0.004216166346571483,-0.3694536401448101,-0.27387835138735256,-0.02578090895993022,-0.3239788406785639,-0.22981971115118344
THUMBS_UP,0.0,0.0,0.0,-0.20052439974060737,0.15549467493415642,-0.17228857616971432,-0.4707054511923383,0.2119532538255277,-0.2757257396354872,-0.691613013523766,0.24421053978599885,-0.3620398088385161,-0.8628972362365573,0.26972243456797845,-0.42738526879857913,-0.6910564958620629,-0.25718694318232344,-0.14983951412034532,-0.7179279704617813,-0.2920798835513327,-0.282447055495908,-0.5388453854426911,-0.13372849149425695,-0.34556906468913146,-0.48938596757733327,-0.06049231156441419,-0.3763300958303078,-0.5629802713106883,-0.4496249592856692,-0.1304445013112553,-0.5732105440966521,-0.4671254541529923,-0.26150194243965025,-0.383593338971749,-0.23485811983488833,-0.2843076390975993,-0.36671866448584467,-0.16641587901329713,-0.2777471287121731,-0.3973257018399571,-0.5672732066349874,-0.1327440389080571,-0.39130505219514045,-0.5883977125252084,-0.2755749172820751,-0.24334813045414638,-0.35206884722866033,-0.23435783485660192,-0.23140589020518904,-0.26413442362865247,-0.17974184512815772,-0.21701960529563774,-0.6290177105159177,-0.14830313377093265,-0.22078936437810467,-0.6495801280522817,-0.23764275067789914,-0.14555071366275182,-0.46743895726390616,-0.19385706898236307,-0.14844284053183704,-0.3839278562778174,-0.13980704227236807
THUMBS_UP,0.0,0.0,0.0,-0.24696015861786574,-0.1847683501950652,-0.2069617492734995,-0.47073310959003994,-0.34738008544033216,-0.34822064214354503,-0.5648685744448327,-0.3877469144136845,-0.4607132445726422,-0.6300607919909308,-0.34501884888156226,-0.5704615222177274,-0.5775381990794205,0.08183972489375985,-0.41224354716595185,-0.38063264586937723,-0.47698967889967553,-0.6204427555783945,-0.3932233096705483,-0.4089906600919563,-0.7601432359087806,-0.44252768461437525,-0.23933623378514163,-0.8642264839423656,-0.3317768094779719,0.2522326913593628,-0.38927350744879047,-0.07469223127149541,-0.42554085077609544,-0.550148540181672,-0.13488028036317617,-0.3063637267022248,-0.577804315719527,-0.2150415235408783,-0.0806721300245618,-0.6196686317713,-0.07986078182457104,0.32164131486337544,-0.37775773644745547,0.1431687067550434,-0.29858311076111016,-0.516251115855301,0.07373588226832127,-0.1963731315904336,-0.44854379067180755,-0.012300457101730533,0.004314748086806285,-0.40730613650705966,0.15295800426104922,0.33982589225270327,-0.395025496523586,0.31650352827137124,-0.1110995333618797,-0.5558446926671228,0.23183598007592468,-0.049648110935531814,-0.5745541545055979,0.1293946559179909,0.12191368095771209,-0.5703385176467101
THUMBS_UP,0.0,0.0,0.0,-0.2878275051335867,-0.12308930698281427,-0.2518493644466903,-0.5519712964438046,-0.07717408706449015,-0.39901017652737314,-0.6967893261185282,-0.02176862217005034,-0.5309347606436672,-0.7549358601720194,0.026858262907776546,-0.6458872812528165,-0.685698603954519,0.5348685808876741,-0.24550482681321553,-0.5740995137018187,0.6463652152779246,-0.5026149190444482,-0.406899042954287,0.4145522459869342,-0.6711509394428642,-0.3016688756632991,0.18801300479628288,-0.748933889211888,-0.4332434438982811,0.6787734206274089,-0.21508853418952475,-0.2682331129811483,0.7117672070443902,-0.4959619101324231,-0.12578731136065707,0.37933724979102235,-0.5956264750612639,-0.07113318945751526,0.10834099382679889,-0.6079942720668569,-0.19191932197143932,0.7314728845888878,-0.2204833143078355,-0.04730595412926772,0.751839610689809,-0.4892823293341203,0.041545435736118665,0.43719199288015465,-0.5072789931144869,0.06301901834129345,0.18480222132149657,-0.4541881144394703,0.008829363014590396,0.7041106721137772,-0.24759149038741268,0.1170007632349278,0.7221538991682165,-0.42963002729241473,0.16521665869866772,0.4831858455904727,-0.43365104505504537,0.15382156765547855,0.27823630364910584,-0.3886981189179818
THUMBS_UP,0.0,0.0,0.0,-0.24798619617454976,-0.05973105178782231,-0.14899054514649523,-0.5225476992905757,-0.041136964537271434,-0.2514711242266611,-0.7413351227915497,-0.0679537354210997,-0.3489610999998047,-0.900638685942674,-0.0837614415085663,-0.4264199553255693,-0.5017759818400392,0.3768643025503824,-0.21532939954048588,-0.5658994772930518,0.3887991306468089,-0.4173628301279548,-0.47486675281262203,0.14495327741751615,-0.5224756934652235,-0.41299552682792,0.03110666510362195,-0.5755721234213526,-0.26098688393217234,0.45555772864842,-0.23265796026862415,-0.32911226239663083,0.4963760444214051,-0.4315817016564915,-0.27958815328040615,0.19764114601937927,-0.45961742906857955,-0.2494549806070203,0.07351304267819135,-0.4579895020792237,-0.030110989991934824,0.4575859893991267,-0.274618456854765,-0.08461074728772822,0.43399961695791883,-0.4558632375145653,-0.08478711778778966,0.17307673551649042,-0.40330623764200035,-0.07257373339642077,0.07184506867580606,-0.3414427846870691,0.1733172903325536,0.3984711434099727,-0.3325828262533764,0.13246842791625885,0.3205766574946877,-0.43722969418307284,0.08578588392885932,0.15413427107200373,-0.4046827457561398,0.06942597453346833,0.09498733292484886,-0.3691310667596675
THUMBS_UP,0.0,0.0,0.0,-0.23951399451794458,0.015546734075817933,-0.14483731397361674,-0.4858434561721774,-0.19356519036426936,-0.21616953189460747,-0.6679949765652895,-0.37108985527371097,-0.2766835720297028,-0.8538623269861314,-0.41507231506389913,-0.3140606626454895,-0.39409387581897265,-0.549194333896542,-0.1004001060626593,-0.3449583176267872,-0.7621309684298051,-0.22731277237145753,-0.2968937246200328,-0.5436755761854565,-0.2819635469361126,-0.2995277078945843,-0.42914868534638423,-0.298361747591149,-0.23901833588766452,-0.5774417247845197,-0.07947326573106629,-0.19013537172075687,-0.7764593532457945,-0.21579342563660234,-0.15438356236575607,-0.5057224707467957,-0.230717334831841,-0.18385870315788821,-0.4109828416182017,-0.20275003163439564,-0.0884236195131011,-0.5835910983211395,-0.08297400772885959,-0.049104845128189176,-0.7451514087499831,-0.21344178363170244,-0.03541892352510368,-0.49327376408016527,-0.168707996660158,-0.07219733475087423,-0.3938915044140662,-0.10270686964909918,0.04761078656011708,-0.5750044467730893,-0.09922544404375638,0.07254155286434232,-0.6796623351572968,-0.16960912246496798,0.0659653514425411,-0.5056800390713794,-0.13141622815952458,0.03058480315043911,-0.42283351277456427,-0.08284300234556086
